category,item,purpose,roles,scope,qualification,indirect_calls,review_note
bucket,avatars,Public profile illustrations,Public URL,Object path and associated record,Public delivery exempt from RLS acceptance gate,,Choose publication purpose and removal/revocation rules; cached/public URLs cannot be revoked by legal page gate.
bucket,camp-images,Public camp illustrations,Public URL,Object path and associated record,Public delivery exempt from RLS acceptance gate,,Choose publication purpose and removal/revocation rules; cached/public URLs cannot be revoked by legal page gate.
bucket,club-news-images,Public news illustrations,Public URL,Object path and associated record,Public delivery exempt from RLS acceptance gate,,Choose publication purpose and removal/revocation rules; cached/public URLs cannot be revoked by legal page gate.
bucket,marketplace,Public listing media,Public URL,Object path and associated record,Public delivery exempt from RLS acceptance gate,,Choose publication purpose and removal/revocation rules; cached/public URLs cannot be revoked by legal page gate.
bucket,player-documents,Private junior documents,Server-signed URL / service,Object path and associated record,Private direct read/upload denied in fixture; signed delivery works,,Choose publication purpose and removal/revocation rules; cached/public URLs cannot be revoked by legal page gate.
bucket,validation-exercise-images,Public learning illustrations,Public URL,Object path and associated record,Public delivery exempt from RLS acceptance gate,,Choose publication purpose and removal/revocation rules; cached/public URLs cannot be revoked by legal page gate.
function,"admin_delete_rules_question(uuid,uuid,uuid)",Server/internal RPC,service,See parameter/identity checks in definition and called predicates,Direct client call closed by privileges,is_app_admin,Reachable from service routes/definer callers; inspect those authorizations.
function,"admin_save_rules_question(uuid,uuid,uuid,text,integer,text,text,text,text,text,boolean,text,jsonb)",Server/internal RPC,service,See parameter/identity checks in definition and called predicates,Direct client call closed by privileges,is_app_admin,Reachable from service routes/definer callers; inspect those authorizations.
function,"answer_rules_quiz_question(uuid,uuid,uuid[])",Guarded business RPC or guard predicate,"authenticated,service",(select club_id from public.rules_quiz_attempts where id=p_attempt_id,"Guard present, disabled on TEST",answer_rules_quiz_question_business; legal_required_direct_access,A guard is not business authorization. Candidate guards-on behavior not executed.
function,"answer_rules_quiz_question_business(uuid,uuid,uuid[])",Server/internal RPC,service,See parameter/identity checks in definition and called predicates,Direct client call closed by privileges,can_access_rules_quiz,Reachable from service routes/definer callers; inspect those authorizations.
function,auth_info(),Pure calculation / own JWT context,"anon,authenticated,service",See parameter/identity checks in definition and called predicates,No persisted business mutation,,Inputs or own auth context only; legal gate normally unnecessary.
function,bump_message_thread_updated_at(),Internal trigger,"anon,authenticated,service",See parameter/identity checks in definition and called predicates,Not a standalone PostgREST mutation,,Review parent write policy and trigger depth; EXECUTE privilege alone is not RPC exploitability.
function,"can_access_rules_quiz(uuid,uuid,uuid)",Server/internal RPC,service,See parameter/identity checks in definition and called predicates,Direct client call closed by privileges,,Reachable from service routes/definer callers; inspect those authorizations.
function,"can_create_message_thread(uuid,text,uuid,uuid,uuid,uuid)",RLS/read authorization predicate,"anon,authenticated,service",See parameter/identity checks in definition and called predicates,"Boolean helper, not a confirmed business-data bypass",is_group_staff_member; is_org_manager_member; is_org_staff_member,Some accept arbitrary user UUID. Minimize anonymous role/membership probing after policy dependency review.
function,"can_manage_assigned_group(uuid,uuid,text)",RLS/read authorization predicate,"anon,authenticated,service",See parameter/identity checks in definition and called predicates,"Boolean helper, not a confirmed business-data bypass",,Some accept arbitrary user UUID. Minimize anonymous role/membership probing after policy dependency review.
function,"can_manage_coach_event(uuid,uuid)",RLS/read authorization predicate,"authenticated,service",See parameter/identity checks in definition and called predicates,"Boolean helper, not a confirmed business-data bypass",is_group_staff_member,Some accept arbitrary user UUID. Minimize anonymous role/membership probing after policy dependency review.
function,can_manage_event_attendance(uuid),RLS/read authorization predicate,"anon,authenticated,service",See parameter/identity checks in definition and called predicates,"Boolean helper, not a confirmed business-data bypass",,Some accept arbitrary user UUID. Minimize anonymous role/membership probing after policy dependency review.
function,"can_manage_message_thread(uuid,uuid)",RLS/read authorization predicate,"anon,authenticated,service",See parameter/identity checks in definition and called predicates,"Boolean helper, not a confirmed business-data bypass",is_org_manager_member; is_org_staff_member,Some accept arbitrary user UUID. Minimize anonymous role/membership probing after policy dependency review.
function,"can_post_message_thread(uuid,uuid)",RLS/read authorization predicate,"anon,authenticated,service",See parameter/identity checks in definition and called predicates,"Boolean helper, not a confirmed business-data bypass",can_manage_message_thread,Some accept arbitrary user UUID. Minimize anonymous role/membership probing after policy dependency review.
function,"can_read_coach_player_sensitive(uuid,uuid)",RLS/read authorization predicate,"authenticated,service",See parameter/identity checks in definition and called predicates,"Boolean helper, not a confirmed business-data bypass",is_group_staff_member,Some accept arbitrary user UUID. Minimize anonymous role/membership probing after policy dependency review.
function,"can_read_message_thread(uuid,uuid)",RLS/read authorization predicate,"anon,authenticated,service",See parameter/identity checks in definition and called predicates,"Boolean helper, not a confirmed business-data bypass",can_manage_message_thread; is_org_member_active,Some accept arbitrary user UUID. Minimize anonymous role/membership probing after policy dependency review.
function,"can_staff_access_evaluation_event(uuid,uuid)",RLS/read authorization predicate,"authenticated,service",See parameter/identity checks in definition and called predicates,"Boolean helper, not a confirmed business-data bypass",is_group_staff_member,Some accept arbitrary user UUID. Minimize anonymous role/membership probing after policy dependency review.
function,"can_staff_access_player_document(uuid,uuid,uuid)",RLS/read authorization predicate,"authenticated,service",See parameter/identity checks in definition and called predicates,"Boolean helper, not a confirmed business-data bypass",can_manage_coach_event; can_read_coach_player_sensitive,Some accept arbitrary user UUID. Minimize anonymous role/membership probing after policy dependency review.
function,"can_user_read_internal_contest(uuid,uuid)",RLS/read authorization predicate,"anon,authenticated,service",See parameter/identity checks in definition and called predicates,"Boolean helper, not a confirmed business-data bypass",is_org_staff_member,Some accept arbitrary user UUID. Minimize anonymous role/membership probing after policy dependency review.
function,cancel_club_event_reminders(),Internal trigger,"anon,authenticated,service",See parameter/identity checks in definition and called predicates,Not a standalone PostgREST mutation,,Review parent write policy and trigger depth; EXECUTE privilege alone is not RPC exploitability.
function,"claim_access_invitation_v1(text,boolean)",Server/internal RPC,service,See parameter/identity checks in definition and called predicates,Direct client call closed by privileges,,Reachable from service routes/definer callers; inspect those authorizations.
function,claim_due_club_event_reminders(integer),Server/internal RPC,service,See parameter/identity checks in definition and called predicates,Direct client call closed by privileges,,Reachable from service routes/definer callers; inspect those authorizations.
function,"claim_manager_news_email_v1(uuid,uuid,uuid,uuid,text)",Server/internal RPC,service,See parameter/identity checks in definition and called predicates,Direct client call closed by privileges,require_manager_club_scope_v1,Reachable from service routes/definer callers; inspect those authorizations.
function,"coach_group_delete_category(uuid,uuid)",Guarded business RPC or guard predicate,"authenticated,service",p_group_id,"Guard present, disabled on TEST",coach_group_delete_category_business; legal_required_group_access,A guard is not business authorization. Candidate guards-on behavior not executed.
function,"coach_group_delete_category_business(uuid,uuid)",Server/internal RPC,service,See parameter/identity checks in definition and called predicates,Direct client call closed by privileges,,Reachable from service routes/definer callers; inspect those authorizations.
function,coach_group_delete_keep_history(uuid),Guarded business RPC or guard predicate,"authenticated,service",p_group_id,"Guard present, disabled on TEST",coach_group_delete_keep_history_business; legal_required_group_access,A guard is not business authorization. Candidate guards-on behavior not executed.
function,coach_group_delete_keep_history_business(uuid),Server/internal RPC,service,See parameter/identity checks in definition and called predicates,Direct client call closed by privileges,,Reachable from service routes/definer callers; inspect those authorizations.
function,"coach_group_delete_player(uuid,uuid)",Guarded business RPC or guard predicate,"authenticated,service",p_group_id,"Guard present, disabled on TEST",coach_group_delete_player_business; legal_required_group_access,A guard is not business authorization. Candidate guards-on behavior not executed.
function,"coach_group_delete_player_business(uuid,uuid)",Server/internal RPC,service,See parameter/identity checks in definition and called predicates,Direct client call closed by privileges,,Reachable from service routes/definer callers; inspect those authorizations.
function,"coach_transfer_player_group(uuid,uuid,uuid,uuid,text)",Server/internal RPC,service,See parameter/identity checks in definition and called predicates,Direct client call closed by privileges,,Reachable from service routes/definer callers; inspect those authorizations.
function,copy_groups_to_new_season(),Internal trigger,"anon,authenticated,service",See parameter/identity checks in definition and called predicates,Not a standalone PostgREST mutation,,Review parent write policy and trigger depth; EXECUTE privilege alone is not RPC exploitability.
function,"copy_manager_event_structure_v1(uuid,jsonb)",Guarded business RPC or guard predicate,"authenticated,service",p_event_id,"Guard present, disabled on TEST",copy_manager_event_structure_v1_business; legal_required_event_access,A guard is not business authorization. Candidate guards-on behavior not executed.
function,"copy_manager_event_structure_v1_business(uuid,jsonb)",Server/internal RPC,service,See parameter/identity checks in definition and called predicates,Direct client call closed by privileges,manager_event_snapshot_v1; require_manager_club_scope_v1,Reachable from service routes/definer callers; inspect those authorizations.
function,"create_coach_events_v1(uuid,uuid,text,jsonb,uuid[],uuid[],jsonb)",Guarded business RPC or guard predicate,"authenticated,service",p_group_id,"Guard present, disabled on TEST",create_coach_events_v1_business; legal_required_group_access,A guard is not business authorization. Candidate guards-on behavior not executed.
function,"create_coach_events_v1_business(uuid,uuid,text,jsonb,uuid[],uuid[],jsonb)",Server/internal RPC,service,See parameter/identity checks in definition and called predicates,Direct client call closed by privileges,can_manage_assigned_group,Reachable from service routes/definer callers; inspect those authorizations.
function,"create_legal_document(text,text,text,text,uuid,text[],text,boolean,uuid)",Server/internal RPC,service,See parameter/identity checks in definition and called predicates,Direct client call closed by privileges,,Reachable from service routes/definer callers; inspect those authorizations.
function,"create_manager_activity_batch_v1(uuid,jsonb)",Guarded business RPC or guard predicate,"authenticated,service",See parameter/identity checks in definition and called predicates,"Guard present, disabled on TEST",create_manager_activity_batch_v1_business; legal_required_direct_access,A guard is not business authorization. Candidate guards-on behavior not executed.
function,"create_manager_activity_batch_v1_business(uuid,jsonb)",Server/internal RPC,service,See parameter/identity checks in definition and called predicates,Direct client call closed by privileges,create_manager_events_v1; manager_validate_competition_v1; require_manager_club_scope_v1,Reachable from service routes/definer callers; inspect those authorizations.
function,"create_manager_events_v1(uuid,uuid,text,jsonb,uuid[],uuid[],jsonb,uuid[])",Guarded business RPC or guard predicate,"authenticated,service",p_group_id,"Guard present, disabled on TEST",create_manager_events_v1_business; legal_required_group_access,A guard is not business authorization. Candidate guards-on behavior not executed.
function,"create_manager_events_v1_business(uuid,uuid,text,jsonb,uuid[],uuid[],jsonb,uuid[])",Server/internal RPC,service,See parameter/identity checks in definition and called predicates,Direct client call closed by privileges,manager_sync_event_criteria_v1; require_manager_club_scope_v1,Reachable from service routes/definer callers; inspect those authorizations.
function,"create_manager_season_v1(uuid,uuid,jsonb)",Server/internal RPC,service,See parameter/identity checks in definition and called predicates,Direct client call closed by privileges,require_manager_club_scope_v1,Reachable from service routes/definer callers; inspect those authorizations.
function,create_notifications_for_thread_message(),Internal trigger,"anon,authenticated,service",See parameter/identity checks in definition and called predicates,Not a standalone PostgREST mutation,,Review parent write policy and trigger depth; EXECUTE privilege alone is not RPC exploitability.
function,"create_player_golf_rounds_transactional(uuid,jsonb,timestamp with time zone[],jsonb)",Guarded business RPC or guard predicate,"authenticated,service",See parameter/identity checks in definition and called predicates,"Guard present, disabled on TEST",create_player_golf_rounds_transactional_business; legal_required_direct_access,A guard is not business authorization. Candidate guards-on behavior not executed.
function,"create_player_golf_rounds_transactional_business(uuid,jsonb,timestamp with time zone[],jsonb)",Server/internal RPC,service,See parameter/identity checks in definition and called predicates,Direct client call closed by privileges,create_player_golf_rounds_transactional_without_group_id,Reachable from service routes/definer callers; inspect those authorizations.
function,"create_player_golf_rounds_transactional_without_group_id(uuid,jsonb,timestamp with time zone[],jsonb)",Server/internal RPC,service,See parameter/identity checks in definition and called predicates,Direct client call closed by privileges,,Reachable from service routes/definer callers; inspect those authorizations.
function,"decide_legal_document(uuid,uuid,text,uuid,text)",Server/internal RPC,service,See parameter/identity checks in definition and called predicates,Direct client call closed by privileges,legal_actor_allowed; legal_version_matches_document,Reachable from service routes/definer callers; inspect those authorizations.
function,"delete_coach_planning_v1(uuid,uuid,uuid,boolean)",Server/internal RPC,service,See parameter/identity checks in definition and called predicates,Direct client call closed by privileges,can_manage_assigned_group,Reachable from service routes/definer callers; inspect those authorizations.
function,"delete_manager_planning_v1(uuid,uuid,uuid,boolean)",Server/internal RPC,service,See parameter/identity checks in definition and called predicates,Direct client call closed by privileges,require_manager_club_scope_v1,Reachable from service routes/definer callers; inspect those authorizations.
function,enforce_competition_attendee_audience_status(),Internal trigger,"anon,authenticated,service",See parameter/identity checks in definition and called predicates,Not a standalone PostgREST mutation,,Review parent write policy and trigger depth; EXECUTE privilege alone is not RPC exploitability.
function,enforce_performance_mode_on_training_session_items(),Internal trigger,"anon,authenticated,service",See parameter/identity checks in definition and called predicates,Not a standalone PostgREST mutation,is_user_performance_enabled_globally,Review parent write policy and trigger depth; EXECUTE privilege alone is not RPC exploitability.
function,enforce_performance_mode_on_training_sessions(),Internal trigger,"anon,authenticated,service",See parameter/identity checks in definition and called predicates,Not a standalone PostgREST mutation,is_user_performance_enabled_globally,Review parent write policy and trigger depth; EXECUTE privilege alone is not RPC exploitability.
function,enforce_player_performance_on_group_change(),Internal trigger,"anon,authenticated,service",See parameter/identity checks in definition and called predicates,Not a standalone PostgREST mutation,sync_org_player_performance_from_groups,Review parent write policy and trigger depth; EXECUTE privilege alone is not RPC exploitability.
function,enforce_player_performance_on_membership_change(),Internal trigger,"anon,authenticated,service",See parameter/identity checks in definition and called predicates,Not a standalone PostgREST mutation,,Review parent write policy and trigger depth; EXECUTE privilege alone is not RPC exploitability.
function,enforce_player_team_thread_participant_scope(),Internal trigger,"anon,authenticated,service",See parameter/identity checks in definition and called predicates,Not a standalone PostgREST mutation,is_valid_player_team_thread_participant,Review parent write policy and trigger depth; EXECUTE privilege alone is not RPC exploitability.
function,ensure_event_thread_for_event(uuid),Internal derived data / event thread,"authenticated,service",p_event_id,Resolved on TEST by applied 20261102,ensure_event_thread_for_event_business; legal_required_event_access,Fresh 20261005 catalog: anon/authenticated EXECUTE false; retained service/definer calls. No reapplication.
function,ensure_event_thread_for_event_business(uuid),Server/internal RPC,service,See parameter/identity checks in definition and called predicates,Direct client call closed by privileges,pick_event_thread_actor_user_id; sync_event_thread_participants,Reachable from service routes/definer callers; inspect those authorizations.
function,ensure_manager_controls_competitions(),Internal trigger,"anon,authenticated,service",See parameter/identity checks in definition and called predicates,Not a standalone PostgREST mutation,,Review parent write policy and trigger depth; EXECUTE privilege alone is not RPC exploitability.
function,etiquette_is_public_version(uuid),RLS/read authorization predicate,"authenticated,service",See parameter/identity checks in definition and called predicates,"Boolean helper, not a confirmed business-data bypass",,Some accept arbitrary user UUID. Minimize anonymous role/membership probing after policy dependency review.
function,etiquette_publish_theme(uuid),Guarded business RPC or guard predicate,"authenticated,service",See parameter/identity checks in definition and called predicates,"Guard present, disabled on TEST",etiquette_publish_theme_business; legal_required_direct_access,A guard is not business authorization. Candidate guards-on behavior not executed.
function,etiquette_publish_theme_business(uuid),Server/internal RPC,service,See parameter/identity checks in definition and called predicates,Direct client call closed by privileges,is_app_admin,Reachable from service routes/definer callers; inspect those authorizations.
function,"finish_manager_news_email_v1(uuid,uuid,uuid,uuid,uuid,text,text)",Server/internal RPC,service,See parameter/identity checks in definition and called predicates,Direct client call closed by privileges,require_manager_club_scope_v1,Reachable from service routes/definer callers; inspect those authorizations.
function,"get_manager_camp_versions_v1(uuid,uuid[],uuid)",Server/internal RPC,service,See parameter/identity checks in definition and called predicates,Direct client call closed by privileges,manager_camp_version_v1; require_manager_club_scope_v1,Reachable from service routes/definer callers; inspect those authorizations.
function,get_manager_competition_snapshot_v1(uuid),Guarded business RPC or guard predicate,"authenticated,service",p_event_id,"Guard present, disabled on TEST",get_manager_competition_snapshot_v1_business; legal_required_event_access,A guard is not business authorization. Candidate guards-on behavior not executed.
function,get_manager_competition_snapshot_v1_business(uuid),Server/internal RPC,service,See parameter/identity checks in definition and called predicates,Direct client call closed by privileges,require_manager_club_scope_v1,Reachable from service routes/definer callers; inspect those authorizations.
function,"get_manager_evaluation_snapshot_v1(uuid,uuid)",Guarded business RPC or guard predicate,"authenticated,service",p_event_id,"Guard present, disabled on TEST",get_manager_evaluation_snapshot_v1_business; legal_required_event_access,A guard is not business authorization. Candidate guards-on behavior not executed.
function,"get_manager_evaluation_snapshot_v1_business(uuid,uuid)",Server/internal RPC,service,See parameter/identity checks in definition and called predicates,Direct client call closed by privileges,require_manager_club_scope_v1,Reachable from service routes/definer callers; inspect those authorizations.
function,get_manager_om_contest_v1(uuid),Guarded business RPC or guard predicate,"authenticated,service",(select organization_id from public.om_internal_contests where id=p_contest_id,"Guard present, disabled on TEST",get_manager_om_contest_v1_business; legal_required_direct_access,A guard is not business authorization. Candidate guards-on behavior not executed.
function,get_manager_om_contest_v1_business(uuid),Server/internal RPC,service,See parameter/identity checks in definition and called predicates,Direct client call closed by privileges,manager_om_contest_version_v1; require_manager_club_scope_v1,Reachable from service routes/definer callers; inspect those authorizations.
function,"get_manager_om_data_v1(uuid,text)",Guarded business RPC or guard predicate,"authenticated,service",p_club_id,"Guard present, disabled on TEST",get_manager_om_data_v1_business; legal_required_direct_access,A guard is not business authorization. Candidate guards-on behavior not executed.
function,"get_manager_om_data_v1_business(uuid,text)",Server/internal RPC,service,See parameter/identity checks in definition and called predicates,Direct client call closed by privileges,manager_om_contest_version_v1; require_manager_club_scope_v1,Reachable from service routes/definer callers; inspect those authorizations.
function,"get_manager_om_ranking_v1(uuid,date,date,uuid)",Guarded business RPC or guard predicate,"authenticated,service",p_club_id,"Guard present, disabled on TEST",get_manager_om_ranking_v1_business; legal_required_direct_access,A guard is not business authorization. Candidate guards-on behavior not executed.
function,"get_manager_om_ranking_v1_business(uuid,date,date,uuid)",Server/internal RPC,service,See parameter/identity checks in definition and called predicates,Direct client call closed by privileges,om_ranking_snapshot; require_manager_club_scope_v1,Reachable from service routes/definer callers; inspect those authorizations.
function,get_manager_planning_snapshot_v1(uuid),Guarded business RPC or guard predicate,"authenticated,service",p_event_id,"Guard present, disabled on TEST",get_manager_planning_snapshot_v1_business; legal_required_event_access,A guard is not business authorization. Candidate guards-on behavior not executed.
function,get_manager_planning_snapshot_v1_business(uuid),Server/internal RPC,service,See parameter/identity checks in definition and called predicates,Direct client call closed by privileges,manager_event_snapshot_v1; require_manager_club_scope_v1,Reachable from service routes/definer callers; inspect those authorizations.
function,"get_rules_quiz_question(uuid,smallint)",Guarded business RPC or guard predicate,"authenticated,service",(select club_id from public.rules_quiz_attempts where id=p_attempt_id,"Guard present, disabled on TEST",get_rules_quiz_question_business; legal_required_direct_access,A guard is not business authorization. Candidate guards-on behavior not executed.
function,"get_rules_quiz_question_business(uuid,smallint)",Server/internal RPC,service,See parameter/identity checks in definition and called predicates,Direct client call closed by privileges,can_access_rules_quiz,Reachable from service routes/definer callers; inspect those authorizations.
function,get_rules_quiz_result(uuid),Guarded business RPC or guard predicate,"authenticated,service",(select club_id from public.rules_quiz_attempts where id=p_attempt_id,"Guard present, disabled on TEST",get_rules_quiz_result_business; legal_required_direct_access,A guard is not business authorization. Candidate guards-on behavior not executed.
function,get_rules_quiz_result_business(uuid),Server/internal RPC,service,See parameter/identity checks in definition and called predicates,Direct client call closed by privileges,,Reachable from service routes/definer callers; inspect those authorizations.
function,"grant_player_consent_transactional(uuid,uuid,text,text)",Server/internal RPC,service,See parameter/identity checks in definition and called predicates,Direct client call closed by privileges,,Reachable from service routes/definer callers; inspect those authorizations.
function,guard_golf_tournament_group_consistency(),Internal trigger,"anon,authenticated,service",See parameter/identity checks in definition and called predicates,Not a standalone PostgREST mutation,,Review parent write policy and trigger depth; EXECUTE privilege alone is not RPC exploitability.
function,handle_new_user(),Internal trigger,"anon,authenticated,service",See parameter/identity checks in definition and called predicates,Not a standalone PostgREST mutation,,Review parent write policy and trigger depth; EXECUTE privilege alone is not RPC exploitability.
function,is_active_member_of_club(uuid),RLS/read authorization predicate,"anon,authenticated,service",See parameter/identity checks in definition and called predicates,"Boolean helper, not a confirmed business-data bypass",,Some accept arbitrary user UUID. Minimize anonymous role/membership probing after policy dependency review.
function,is_app_admin(),RLS/read authorization predicate,"anon,authenticated,service",See parameter/identity checks in definition and called predicates,"Boolean helper, not a confirmed business-data bypass",,Some accept arbitrary user UUID. Minimize anonymous role/membership probing after policy dependency review.
function,is_app_admin(uuid),RLS/read authorization predicate,"anon,authenticated,service",See parameter/identity checks in definition and called predicates,"Boolean helper, not a confirmed business-data bypass",,Some accept arbitrary user UUID. Minimize anonymous role/membership probing after policy dependency review.
function,is_club_manager(uuid),RLS/read authorization predicate,"anon,authenticated,service",See parameter/identity checks in definition and called predicates,"Boolean helper, not a confirmed business-data bypass",,Some accept arbitrary user UUID. Minimize anonymous role/membership probing after policy dependency review.
function,is_club_manager_member(uuid),RLS/read authorization predicate,"anon,authenticated,service",See parameter/identity checks in definition and called predicates,"Boolean helper, not a confirmed business-data bypass",,Some accept arbitrary user UUID. Minimize anonymous role/membership probing after policy dependency review.
function,is_club_member(uuid),RLS/read authorization predicate,"anon,authenticated,service",See parameter/identity checks in definition and called predicates,"Boolean helper, not a confirmed business-data bypass",,Some accept arbitrary user UUID. Minimize anonymous role/membership probing after policy dependency review.
function,is_club_staff(uuid),RLS/read authorization predicate,"anon,authenticated,service",See parameter/identity checks in definition and called predicates,"Boolean helper, not a confirmed business-data bypass",,Some accept arbitrary user UUID. Minimize anonymous role/membership probing after policy dependency review.
function,is_coach_in_group(uuid),RLS/read authorization predicate,"anon,authenticated,service",See parameter/identity checks in definition and called predicates,"Boolean helper, not a confirmed business-data bypass",,Some accept arbitrary user UUID. Minimize anonymous role/membership probing after policy dependency review.
function,is_coach_of_club_training(uuid),RLS/read authorization predicate,"anon,authenticated,service",See parameter/identity checks in definition and called predicates,"Boolean helper, not a confirmed business-data bypass",,Some accept arbitrary user UUID. Minimize anonymous role/membership probing after policy dependency review.
function,is_coach_or_manager_of_club(uuid),RLS/read authorization predicate,"anon,authenticated,service",See parameter/identity checks in definition and called predicates,"Boolean helper, not a confirmed business-data bypass",,Some accept arbitrary user UUID. Minimize anonymous role/membership probing after policy dependency review.
function,is_coach_training_assistance_enabled(uuid),RLS/read authorization predicate,"authenticated,service",See parameter/identity checks in definition and called predicates,"Boolean helper, not a confirmed business-data bypass",is_coach_training_assistance_enabled_for_coach,Some accept arbitrary user UUID. Minimize anonymous role/membership probing after policy dependency review.
function,"is_coach_training_assistance_enabled_for_coach(uuid,uuid)",RLS/read authorization predicate,"authenticated,service",See parameter/identity checks in definition and called predicates,"Boolean helper, not a confirmed business-data bypass",,Some accept arbitrary user UUID. Minimize anonymous role/membership probing after policy dependency review.
function,"is_group_coach(uuid,uuid)",RLS/read authorization predicate,"anon,authenticated,service",See parameter/identity checks in definition and called predicates,"Boolean helper, not a confirmed business-data bypass",,Some accept arbitrary user UUID. Minimize anonymous role/membership probing after policy dependency review.
function,"is_group_player(uuid,uuid)",RLS/read authorization predicate,"anon,authenticated,service",See parameter/identity checks in definition and called predicates,"Boolean helper, not a confirmed business-data bypass",,Some accept arbitrary user UUID. Minimize anonymous role/membership probing after policy dependency review.
function,"is_group_staff_member(uuid,uuid)",RLS/read authorization predicate,"authenticated,service",See parameter/identity checks in definition and called predicates,"Boolean helper, not a confirmed business-data bypass",,Some accept arbitrary user UUID. Minimize anonymous role/membership probing after policy dependency review.
function,is_org_captain(uuid),RLS/read authorization predicate,"anon,authenticated,service",See parameter/identity checks in definition and called predicates,"Boolean helper, not a confirmed business-data bypass",,Some accept arbitrary user UUID. Minimize anonymous role/membership probing after policy dependency review.
function,"is_org_manager_member(uuid,uuid)",RLS/read authorization predicate,"anon,authenticated,service",See parameter/identity checks in definition and called predicates,"Boolean helper, not a confirmed business-data bypass",,Some accept arbitrary user UUID. Minimize anonymous role/membership probing after policy dependency review.
function,"is_org_member_active(uuid,uuid)",RLS/read authorization predicate,"anon,authenticated,service",See parameter/identity checks in definition and called predicates,"Boolean helper, not a confirmed business-data bypass",,Some accept arbitrary user UUID. Minimize anonymous role/membership probing after policy dependency review.
function,"is_org_staff_member(uuid,uuid)",RLS/read authorization predicate,"anon,authenticated,service",See parameter/identity checks in definition and called predicates,"Boolean helper, not a confirmed business-data bypass",is_org_manager_member,Some accept arbitrary user UUID. Minimize anonymous role/membership probing after policy dependency review.
function,is_player_in_my_groups(uuid),RLS/read authorization predicate,"anon,authenticated,service",See parameter/identity checks in definition and called predicates,"Boolean helper, not a confirmed business-data bypass",,Some accept arbitrary user UUID. Minimize anonymous role/membership probing after policy dependency review.
function,"is_player_performance_enabled(uuid,uuid)",RLS/read authorization predicate,"anon,authenticated,service",See parameter/identity checks in definition and called predicates,"Boolean helper, not a confirmed business-data bypass",,Some accept arbitrary user UUID. Minimize anonymous role/membership probing after policy dependency review.
function,is_program_in_captain_org(uuid),RLS/read authorization predicate,"anon,authenticated,service",See parameter/identity checks in definition and called predicates,"Boolean helper, not a confirmed business-data bypass",,Some accept arbitrary user UUID. Minimize anonymous role/membership probing after policy dependency review.
function,is_round_owner(uuid),RLS/read authorization predicate,"anon,authenticated,service",See parameter/identity checks in definition and called predicates,"Boolean helper, not a confirmed business-data bypass",,Some accept arbitrary user UUID. Minimize anonymous role/membership probing after policy dependency review.
function,is_superadmin(),RLS/read authorization predicate,"anon,authenticated,service",See parameter/identity checks in definition and called predicates,"Boolean helper, not a confirmed business-data bypass",,Some accept arbitrary user UUID. Minimize anonymous role/membership probing after policy dependency review.
function,is_user_performance_enabled_globally(uuid),RLS/read authorization predicate,"anon,authenticated,service",See parameter/identity checks in definition and called predicates,"Boolean helper, not a confirmed business-data bypass",,Some accept arbitrary user UUID. Minimize anonymous role/membership probing after policy dependency review.
function,"is_valid_player_team_thread_participant(uuid,uuid)",RLS/read authorization predicate,"anon,authenticated,service",See parameter/identity checks in definition and called predicates,"Boolean helper, not a confirmed business-data bypass",,Some accept arbitrary user UUID. Minimize anonymous role/membership probing after policy dependency review.
function,"issue_legal_parent_challenge(uuid,uuid,text,text)",Server/internal RPC,service,See parameter/identity checks in definition and called predicates,Direct client call closed by privileges,legal_actor_allowed,Reachable from service routes/definer callers; inspect those authorizations.
function,"legal_actor_allowed(uuid,uuid,uuid,text)",Server/internal RPC,service,See parameter/identity checks in definition and called predicates,Direct client call closed by privileges,,Reachable from service routes/definer callers; inspect those authorizations.
function,legal_prevent_evidence_mutation(),Internal trigger,"anon,authenticated,service",See parameter/identity checks in definition and called predicates,Not a standalone PostgREST mutation,,Review parent write policy and trigger depth; EXECUTE privilege alone is not RPC exploitability.
function,legal_required_direct_access(uuid),Guarded business RPC or guard predicate,"anon,authenticated,service",p_club uuid DEFAULT NULL::uuid,"Guard present, disabled on TEST",,A guard is not business authorization. Candidate guards-on behavior not executed.
function,legal_required_event_access(uuid),Guarded business RPC or guard predicate,"anon,authenticated,service",p_event uuid / null / club,"Guard present, disabled on TEST",legal_required_direct_access,A guard is not business authorization. Candidate guards-on behavior not executed.
function,legal_required_group_access(uuid),Guarded business RPC or guard predicate,"anon,authenticated,service",p_group uuid / club,"Guard present, disabled on TEST",legal_required_direct_access,A guard is not business authorization. Candidate guards-on behavior not executed.
function,legal_required_session_access(uuid),Guarded business RPC or guard predicate,"anon,authenticated,service",p_session uuid / event_id,"Guard present, disabled on TEST",legal_required_event_access,A guard is not business authorization. Candidate guards-on behavior not executed.
function,"legal_template_is_valid(text,text[])",Server/internal RPC,service,See parameter/identity checks in definition and called predicates,Direct client call closed by privileges,legal_template_variables,Reachable from service routes/definer callers; inspect those authorizations.
function,legal_template_variables(text),Server/internal RPC,service,See parameter/identity checks in definition and called predicates,Direct client call closed by privileges,,Reachable from service routes/definer callers; inspect those authorizations.
function,"legal_version_matches_document(uuid,uuid)",Server/internal RPC,service,See parameter/identity checks in definition and called predicates,Direct client call closed by privileges,,Reachable from service routes/definer callers; inspect those authorizations.
function,"manage_player_guardian_v1(uuid,uuid,uuid,uuid,text,text,boolean)",Server/internal RPC,service,See parameter/identity checks in definition and called predicates,Direct client call closed by privileges,require_manager_player_scope_v1,Reachable from service routes/definer callers; inspect those authorizations.
function,manager_camp_version_v1(uuid),Server/internal RPC,service,See parameter/identity checks in definition and called predicates,Direct client call closed by privileges,manager_event_snapshot_v1,Reachable from service routes/definer callers; inspect those authorizations.
function,manager_event_snapshot_v1(uuid),Server/internal RPC,service,See parameter/identity checks in definition and called predicates,Direct client call closed by privileges,,Reachable from service routes/definer callers; inspect those authorizations.
function,manager_om_contest_version_v1(uuid),Server/internal RPC,service,See parameter/identity checks in definition and called predicates,Direct client call closed by privileges,,Reachable from service routes/definer callers; inspect those authorizations.
function,"manager_sync_event_criteria_v1(uuid,uuid[])",Server/internal RPC,service,See parameter/identity checks in definition and called predicates,Direct client call closed by privileges,,Reachable from service routes/definer callers; inspect those authorizations.
function,"manager_validate_competition_v1(jsonb,boolean)",Server/internal RPC,service,See parameter/identity checks in definition and called predicates,Direct client call closed by privileges,,Reachable from service routes/definer callers; inspect those authorizations.
function,normalize_club_event_attendee_initial_status(),Internal trigger,"anon,authenticated,service",See parameter/identity checks in definition and called predicates,Not a standalone PostgREST mutation,,Review parent write policy and trigger depth; EXECUTE privilege alone is not RPC exploitability.
function,om_competition_coefficient(text),Pure calculation / own JWT context,"anon,authenticated,service",See parameter/identity checks in definition and called predicates,No persisted business mutation,,Inputs or own auth context only; legal gate normally unnecessary.
function,om_holes_bonus_brut(smallint),Pure calculation / own JWT context,"anon,authenticated,service",See parameter/identity checks in definition and called predicates,No persisted business mutation,,Inputs or own auth context only; legal gate normally unnecessary.
function,om_holes_bonus_net(smallint),Pure calculation / own JWT context,"anon,authenticated,service",See parameter/identity checks in definition and called predicates,No persisted business mutation,,Inputs or own auth context only; legal gate normally unnecessary.
function,om_on_club_event_attendance_change(),Internal trigger,"anon,authenticated,service",See parameter/identity checks in definition and called predicates,Not a standalone PostgREST mutation,om_sync_bonus_for_attendee,Review parent write policy and trigger depth; EXECUTE privilege alone is not RPC exploitability.
function,om_on_club_event_changed_resync_attendees(),Internal trigger,"anon,authenticated,service",See parameter/identity checks in definition and called predicates,Not a standalone PostgREST mutation,om_sync_bonus_for_attendee,Review parent write policy and trigger depth; EXECUTE privilege alone is not RPC exploitability.
function,om_on_golf_round_change(),Internal trigger,"anon,authenticated,service",See parameter/identity checks in definition and called predicates,Not a standalone PostgREST mutation,om_recompute_round,Review parent write policy and trigger depth; EXECUTE privilege alone is not RPC exploitability.
function,om_period_limit(smallint),Pure calculation / own JWT context,"anon,authenticated,service",See parameter/identity checks in definition and called predicates,No persisted business mutation,,Inputs or own auth context only; legal gate normally unnecessary.
function,om_period_slot(date),Pure calculation / own JWT context,"anon,authenticated,service",See parameter/identity checks in definition and called predicates,No persisted business mutation,,Inputs or own auth context only; legal gate normally unnecessary.
function,"om_publish_internal_contest(uuid,jsonb,jsonb)",Server/internal RPC,service,See parameter/identity checks in definition and called predicates,Direct client call closed by privileges,is_org_manager_member,Reachable from service routes/definer callers; inspect those authorizations.
function,"om_ranking_snapshot(uuid,date)",Guarded business RPC or guard predicate,"authenticated,service",p_org_id,"Guard present, disabled on TEST",legal_required_direct_access; om_ranking_snapshot_legacy_business,A guard is not business authorization. Candidate guards-on behavior not executed.
function,"om_ranking_snapshot(uuid,date,date)",Guarded business RPC or guard predicate,"authenticated,service",p_org_id,"Guard present, disabled on TEST",legal_required_direct_access; om_ranking_snapshot_business,A guard is not business authorization. Candidate guards-on behavior not executed.
function,"om_ranking_snapshot_business(uuid,date,date)",Server/internal RPC,service,See parameter/identity checks in definition and called predicates,Direct client call closed by privileges,is_org_staff_member; om_period_limit; om_period_slot,Reachable from service routes/definer callers; inspect those authorizations.
function,"om_ranking_snapshot_legacy_business(uuid,date)",Server/internal RPC,service,See parameter/identity checks in definition and called predicates,Direct client call closed by privileges,is_org_staff_member; om_period_limit; om_period_slot,Reachable from service routes/definer callers; inspect those authorizations.
function,om_recompute_round(uuid),Guarded business RPC or guard predicate,"authenticated,service",club,"Guard present, disabled on TEST",legal_required_direct_access; om_recompute_round_business,A guard is not business authorization. Candidate guards-on behavior not executed.
function,om_recompute_round_business(uuid),Server/internal RPC,service,See parameter/identity checks in definition and called predicates,Direct client call closed by privileges,om_competition_coefficient; om_holes_bonus_brut; om_holes_bonus_net,Reachable from service routes/definer callers; inspect those authorizations.
function,"om_sync_bonus_for_attendee(uuid,uuid,text)",Server/internal RPC,service,See parameter/identity checks in definition and called predicates,Direct client call closed by privileges,,Reachable from service routes/definer callers; inspect those authorizations.
function,parent_can_view_child_event(uuid),RLS/read authorization predicate,"anon,authenticated,service",See parameter/identity checks in definition and called predicates,"Boolean helper, not a confirmed business-data bypass",,Some accept arbitrary user UUID. Minimize anonymous role/membership probing after policy dependency review.
function,"patch_coach_camp_registrations_v1(uuid,uuid,jsonb)",Server/internal RPC,service,See parameter/identity checks in definition and called predicates,Direct client call closed by privileges,,Reachable from service routes/definer callers; inspect those authorizations.
function,pick_event_thread_actor_user_id(uuid),Internal derived data / event thread,"anon,authenticated,service",See parameter/identity checks in definition and called predicates,Resolved on TEST by applied 20261102,,Fresh 20261005 catalog: anon/authenticated EXECUTE false; retained service/definer calls. No reapplication.
function,prepare_event_evaluation_criterion(),Internal trigger,"anon,authenticated,service",See parameter/identity checks in definition and called predicates,Not a standalone PostgREST mutation,,Review parent write policy and trigger depth; EXECUTE privilege alone is not RPC exploitability.
function,"present_legal_document(uuid,uuid,uuid,text,text)",Server/internal RPC,service,See parameter/identity checks in definition and called predicates,Direct client call closed by privileges,legal_actor_allowed; legal_template_is_valid; legal_template_variables; legal_version_matches_document,Reachable from service routes/definer callers; inspect those authorizations.
function,prevent_player_self_birth_date_change(),Internal trigger,"anon,authenticated,service",See parameter/identity checks in definition and called predicates,Not a standalone PostgREST mutation,,Review parent write policy and trigger depth; EXECUTE privilege alone is not RPC exploitability.
function,prevent_superadmin_in_club_members(),Internal trigger,"anon,authenticated,service",See parameter/identity checks in definition and called predicates,Not a standalone PostgREST mutation,,Review parent write policy and trigger depth; EXECUTE privilege alone is not RPC exploitability.
function,"publish_legal_draft(uuid,uuid)",Server/internal RPC,service,See parameter/identity checks in definition and called predicates,Direct client call closed by privileges,legal_template_is_valid; legal_template_variables,Reachable from service routes/definer callers; inspect those authorizations.
function,"publish_legal_draft_checked(uuid,uuid,jsonb)",Server/internal RPC,service,See parameter/identity checks in definition and called predicates,Direct client call closed by privileges,publish_legal_draft,Reachable from service routes/definer callers; inspect those authorizations.
function,queue_player_document_storage_deletion(),Internal trigger,"anon,authenticated,service",See parameter/identity checks in definition and called predicates,Not a standalone PostgREST mutation,,Review parent write policy and trigger depth; EXECUTE privilege alone is not RPC exploitability.
function,recompute_golf_round_stats(uuid),Internal derived data / event thread,"anon,authenticated,service",See parameter/identity checks in definition and called predicates,Resolved on TEST by applied 20261102,,Fresh 20261005 catalog: anon/authenticated EXECUTE false; retained service/definer calls. No reapplication.
function,record_legal_rule_revision(),Internal trigger,"anon,authenticated,service",See parameter/identity checks in definition and called predicates,Not a standalone PostgREST mutation,,Review parent write policy and trigger depth; EXECUTE privilege alone is not RPC exploitability.
function,"remove_manager_parent_v1(uuid,uuid,uuid,uuid[],uuid[])",Server/internal RPC,service,See parameter/identity checks in definition and called predicates,Direct client call closed by privileges,,Reachable from service routes/definer callers; inspect those authorizations.
function,"require_manager_club_scope_v1(uuid,uuid)",Server/internal RPC,service,See parameter/identity checks in definition and called predicates,Direct client call closed by privileges,,Reachable from service routes/definer callers; inspect those authorizations.
function,"require_manager_player_scope_v1(uuid,uuid,uuid)",Server/internal RPC,service,See parameter/identity checks in definition and called predicates,Direct client call closed by privileges,,Reachable from service routes/definer callers; inspect those authorizations.
function,"resolve_legal_withdrawal_conflict(uuid,uuid,uuid,uuid,text)",Server/internal RPC,service,See parameter/identity checks in definition and called predicates,Direct client call closed by privileges,,Reachable from service routes/definer callers; inspect those authorizations.
function,"review_legal_applicability(uuid,uuid,jsonb,text)",Server/internal RPC,service,See parameter/identity checks in definition and called predicates,Direct client call closed by privileges,,Reachable from service routes/definer callers; inspect those authorizations.
function,"review_legal_data_request(uuid,uuid,text,text)",Server/internal RPC,service,See parameter/identity checks in definition and called predicates,Direct client call closed by privileges,,Reachable from service routes/definer callers; inspect those authorizations.
function,"review_legal_representative(uuid,uuid,uuid,text,text,uuid)",Server/internal RPC,service,See parameter/identity checks in definition and called predicates,Direct client call closed by privileges,,Reachable from service routes/definer callers; inspect those authorizations.
function,"rules_coach_can_follow_player(uuid,uuid)",RLS/read authorization predicate,"anon,authenticated,service",See parameter/identity checks in definition and called predicates,"Boolean helper, not a confirmed business-data bypass",,Some accept arbitrary user UUID. Minimize anonymous role/membership probing after policy dependency review.
function,"rules_is_club_manager(uuid,uuid)",RLS/read authorization predicate,"anon,authenticated,service",See parameter/identity checks in definition and called predicates,"Boolean helper, not a confirmed business-data bypass",,Some accept arbitrary user UUID. Minimize anonymous role/membership probing after policy dependency review.
function,"rules_series_phase(rules_series,timestamp with time zone)",Pure calculation / own JWT context,"anon,authenticated,service",See parameter/identity checks in definition and called predicates,No persisted business mutation,,Inputs or own auth context only; legal gate normally unnecessary.
function,"save_coach_training_debrief(uuid,uuid,text,text,jsonb,boolean)",Server/internal RPC,service,See parameter/identity checks in definition and called predicates,Direct client call closed by privileges,can_manage_coach_event; is_coach_training_assistance_enabled,Reachable from service routes/definer callers; inspect those authorizations.
function,"save_coach_training_debrief_v2(uuid,uuid,text,text,text,jsonb,jsonb,boolean)",Server/internal RPC,service,See parameter/identity checks in definition and called predicates,Direct client call closed by privileges,can_manage_coach_event; is_coach_training_assistance_enabled,Reachable from service routes/definer callers; inspect those authorizations.
function,"save_coach_training_player_evaluation_v1(uuid,uuid,uuid,text,integer,integer,integer,text,text,boolean)",Server/internal RPC,service,See parameter/identity checks in definition and called predicates,Direct client call closed by privileges,can_manage_coach_event,Reachable from service routes/definer callers; inspect those authorizations.
function,"save_coach_training_player_evaluation_v2(uuid,uuid,uuid,text,integer,integer,integer,text,text,boolean,timestamp with time zone,jsonb)",Server/internal RPC,service,See parameter/identity checks in definition and called predicates,Direct client call closed by privileges,can_manage_coach_event; save_coach_training_player_evaluation_v1,Reachable from service routes/definer callers; inspect those authorizations.
function,"save_manager_camp_v1(uuid,uuid,uuid,text,jsonb)",Server/internal RPC,service,See parameter/identity checks in definition and called predicates,Direct client call closed by privileges,manager_camp_version_v1; manager_sync_event_criteria_v1; require_manager_club_scope_v1,Reachable from service routes/definer callers; inspect those authorizations.
function,"save_manager_competition_v1(uuid,jsonb,jsonb)",Guarded business RPC or guard predicate,"authenticated,service",p_event_id,"Guard present, disabled on TEST",legal_required_event_access; save_manager_competition_v1_business,A guard is not business authorization. Candidate guards-on behavior not executed.
function,"save_manager_competition_v1_business(uuid,jsonb,jsonb)",Server/internal RPC,service,See parameter/identity checks in definition and called predicates,Direct client call closed by privileges,get_manager_competition_snapshot_v1; manager_validate_competition_v1; require_manager_club_scope_v1,Reachable from service routes/definer callers; inspect those authorizations.
function,"save_manager_event_feedback_v1(uuid,uuid,jsonb)",Guarded business RPC or guard predicate,"authenticated,service",p_event_id,"Guard present, disabled on TEST",legal_required_event_access; save_manager_event_feedback_v1_business,A guard is not business authorization. Candidate guards-on behavior not executed.
function,"save_manager_event_feedback_v1_business(uuid,uuid,jsonb)",Server/internal RPC,service,See parameter/identity checks in definition and called predicates,Direct client call closed by privileges,,Reachable from service routes/definer callers; inspect those authorizations.
function,"save_manager_event_feedback_v2(uuid,uuid,jsonb,jsonb)",Guarded business RPC or guard predicate,"authenticated,service",p_event_id,"Guard present, disabled on TEST",legal_required_event_access; save_manager_event_feedback_v2_business,A guard is not business authorization. Candidate guards-on behavior not executed.
function,"save_manager_event_feedback_v2_business(uuid,uuid,jsonb,jsonb)",Server/internal RPC,service,See parameter/identity checks in definition and called predicates,Direct client call closed by privileges,get_manager_evaluation_snapshot_v1; require_manager_club_scope_v1; save_manager_event_feedback_v1,Reachable from service routes/definer callers; inspect those authorizations.
function,"save_manager_player_consent_v1(uuid,uuid,uuid,jsonb)",Server/internal RPC,service,See parameter/identity checks in definition and called predicates,Direct client call closed by privileges,require_manager_player_scope_v1,Reachable from service routes/definer callers; inspect those authorizations.
function,"save_platform_news_v1(uuid,uuid,text,timestamp with time zone,boolean,text,jsonb,jsonb)",Server/internal RPC,service,See parameter/identity checks in definition and called predicates,Direct client call closed by privileges,,Reachable from service routes/definer callers; inspect those authorizations.
function,"save_platform_news_v2(uuid,uuid,text,timestamp with time zone,boolean,text,jsonb,jsonb)",Server/internal RPC,service,See parameter/identity checks in definition and called predicates,Direct client call closed by privileges,,Reachable from service routes/definer callers; inspect those authorizations.
function,"save_player_golf_hole_transactional(uuid,jsonb)",Guarded business RPC or guard predicate,"authenticated,service",club,"Guard present, disabled on TEST",legal_required_direct_access; save_player_golf_hole_transactional_business,A guard is not business authorization. Candidate guards-on behavior not executed.
function,"save_player_golf_hole_transactional_business(uuid,jsonb)",Server/internal RPC,service,See parameter/identity checks in definition and called predicates,Direct client call closed by privileges,om_recompute_round,Reachable from service routes/definer callers; inspect those authorizations.
function,"save_player_golf_holes_transactional(uuid,jsonb)",Guarded business RPC or guard predicate,"authenticated,service",club,"Guard present, disabled on TEST",legal_required_direct_access; save_player_golf_holes_transactional_business,A guard is not business authorization. Candidate guards-on behavior not executed.
function,"save_player_golf_holes_transactional_business(uuid,jsonb)",Server/internal RPC,service,See parameter/identity checks in definition and called predicates,Direct client call closed by privileges,om_recompute_round,Reachable from service routes/definer callers; inspect those authorizations.
function,"set_legal_draft_variables(uuid,integer,text[],uuid)",Server/internal RPC,service,See parameter/identity checks in definition and called predicates,Direct client call closed by privileges,,Reachable from service routes/definer callers; inspect those authorizations.
function,"set_player_camp_attendance_transactional(uuid,uuid,uuid,text)",Server/internal RPC,service,See parameter/identity checks in definition and called predicates,Direct client call closed by privileges,,Reachable from service routes/definer callers; inspect those authorizations.
function,"set_player_camp_option_transactional(uuid,uuid,uuid,uuid,boolean,integer,text)",Server/internal RPC,service,See parameter/identity checks in definition and called predicates,Direct client call closed by privileges,,Reachable from service routes/definer callers; inspect those authorizations.
function,"set_player_camp_registration_transactional(uuid,uuid,uuid,boolean)",Server/internal RPC,service,See parameter/identity checks in definition and called predicates,Direct client call closed by privileges,,Reachable from service routes/definer callers; inspect those authorizations.
function,"set_player_performance_mode(uuid,uuid,boolean)",Guarded business RPC or guard predicate,"authenticated,service",p_org_id,"Guard present, disabled on TEST",legal_required_direct_access; set_player_performance_mode_business,A guard is not business authorization. Candidate guards-on behavior not executed.
function,"set_player_performance_mode_business(uuid,uuid,boolean)",Server/internal RPC,service,See parameter/identity checks in definition and called predicates,Direct client call closed by privileges,is_org_staff_member,Reachable from service routes/definer callers; inspect those authorizations.
function,set_timestamp_updated_at(),Internal trigger,"anon,authenticated,service",See parameter/identity checks in definition and called predicates,Not a standalone PostgREST mutation,,Review parent write policy and trigger depth; EXECUTE privilege alone is not RPC exploitability.
function,set_updated_at(),Internal trigger,"anon,authenticated,service",See parameter/identity checks in definition and called predicates,Not a standalone PostgREST mutation,,Review parent write policy and trigger depth; EXECUTE privilege alone is not RPC exploitability.
function,staff_seed_group_players_attendees(uuid),Staff event attendance mutation,"anon,authenticated,service",See parameter/identity checks in definition and called predicates,Confirmed inactive-staff mutation; candidate 20261103,,"SQL JWT fixture reproduced old inactive head-coach call. Candidate denies inactive/outside club and preserves active/idempotent calls in rollback. No current repository call site, still public legacy RPC."
function,"start_rules_quiz(uuid,uuid)",Guarded business RPC or guard predicate,"authenticated,service",p_club_id,"Guard present, disabled on TEST",legal_required_direct_access; start_rules_quiz_business,A guard is not business authorization. Candidate guards-on behavior not executed.
function,"start_rules_quiz_business(uuid,uuid)",Server/internal RPC,service,See parameter/identity checks in definition and called predicates,Direct client call closed by privileges,can_access_rules_quiz,Reachable from service routes/definer callers; inspect those authorizations.
function,submit_rules_quiz(uuid),Guarded business RPC or guard predicate,"authenticated,service",(select club_id from public.rules_quiz_attempts where id=p_attempt_id,"Guard present, disabled on TEST",legal_required_direct_access; submit_rules_quiz_business,A guard is not business authorization. Candidate guards-on behavior not executed.
function,submit_rules_quiz_business(uuid),Server/internal RPC,service,See parameter/identity checks in definition and called predicates,Direct client call closed by privileges,,Reachable from service routes/definer callers; inspect those authorizations.
function,sync_event_thread_participants(uuid),Internal derived data / event thread,"authenticated,service",p_event_id,Resolved on TEST by applied 20261102,legal_required_event_access; sync_event_thread_participants_business,Fresh 20261005 catalog: anon/authenticated EXECUTE false; retained service/definer calls. No reapplication.
function,sync_event_thread_participants_business(uuid),Server/internal RPC,service,See parameter/identity checks in definition and called predicates,Direct client call closed by privileges,,Reachable from service routes/definer callers; inspect those authorizations.
function,sync_golf_tournament_size_after_delete(),Internal trigger,"anon,authenticated,service",See parameter/identity checks in definition and called predicates,Not a standalone PostgREST mutation,,Review parent write policy and trigger depth; EXECUTE privilege alone is not RPC exploitability.
function,sync_org_player_performance_from_groups(uuid),Internal derived data / event thread,"anon,authenticated,service",See parameter/identity checks in definition and called predicates,Resolved on TEST by applied 20261102,,Fresh 20261005 catalog: anon/authenticated EXECUTE false; retained service/definer calls. No reapplication.
function,sync_rules_attempt_clubs_for_membership(),Internal trigger,service,See parameter/identity checks in definition and called predicates,Not a standalone PostgREST mutation,,Review parent write policy and trigger depth; EXECUTE privilege alone is not RPC exploitability.
function,tg_club_trainings_seed_attendance(),Internal trigger,"anon,authenticated,service",See parameter/identity checks in definition and called predicates,Not a standalone PostgREST mutation,,Review parent write policy and trigger depth; EXECUTE privilege alone is not RPC exploitability.
function,touch_club_event_reminder_updated_at(),Internal trigger,"anon,authenticated,service",See parameter/identity checks in definition and called predicates,Not a standalone PostgREST mutation,,Review parent write policy and trigger depth; EXECUTE privilege alone is not RPC exploitability.
function,touch_club_news_updated_at(),Internal trigger,"anon,authenticated,service",See parameter/identity checks in definition and called predicates,Not a standalone PostgREST mutation,,Review parent write policy and trigger depth; EXECUTE privilege alone is not RPC exploitability.
function,touch_platform_news_updated_at(),Internal trigger,"anon,authenticated,service",See parameter/identity checks in definition and called predicates,Not a standalone PostgREST mutation,,Review parent write policy and trigger depth; EXECUTE privilege alone is not RPC exploitability.
function,touch_player_handicap_history_updated_at(),Internal trigger,"anon,authenticated,service",See parameter/identity checks in definition and called predicates,Not a standalone PostgREST mutation,,Review parent write policy and trigger depth; EXECUTE privilege alone is not RPC exploitability.
function,touch_user_notification_preferences_updated_at(),Internal trigger,"anon,authenticated,service",See parameter/identity checks in definition and called predicates,Not a standalone PostgREST mutation,,Review parent write policy and trigger depth; EXECUTE privilege alone is not RPC exploitability.
function,trg_ensure_event_thread_on_club_events(),Internal trigger,"anon,authenticated,service",See parameter/identity checks in definition and called predicates,Not a standalone PostgREST mutation,ensure_event_thread_for_event,Review parent write policy and trigger depth; EXECUTE privilege alone is not RPC exploitability.
function,trg_golf_round_holes_recompute(),Internal trigger,"anon,authenticated,service",See parameter/identity checks in definition and called predicates,Not a standalone PostgREST mutation,recompute_golf_round_stats,Review parent write policy and trigger depth; EXECUTE privilege alone is not RPC exploitability.
function,trg_sync_event_thread_participants(),Internal trigger,"anon,authenticated,service",See parameter/identity checks in definition and called predicates,Not a standalone PostgREST mutation,sync_event_thread_participants,Review parent write policy and trigger depth; EXECUTE privilege alone is not RPC exploitability.
function,unarchive_thread_participants_on_new_message(),Internal trigger,"anon,authenticated,service",See parameter/identity checks in definition and called predicates,Not a standalone PostgREST mutation,,Review parent write policy and trigger depth; EXECUTE privilege alone is not RPC exploitability.
function,"update_coach_event_occurrence_v1(uuid,jsonb,jsonb,uuid[],uuid[],jsonb)",Guarded business RPC or guard predicate,"authenticated,service",p_event_id,"Guard present, disabled on TEST",legal_required_event_access; update_coach_event_occurrence_v1_business,A guard is not business authorization. Candidate guards-on behavior not executed.
function,"update_coach_event_occurrence_v1_business(uuid,jsonb,jsonb,uuid[],uuid[],jsonb)",Server/internal RPC,service,See parameter/identity checks in definition and called predicates,Direct client call closed by privileges,can_manage_assigned_group,Reachable from service routes/definer callers; inspect those authorizations.
function,"update_coach_event_series_v1(uuid,jsonb,uuid[],uuid[],jsonb)",Guarded business RPC or guard predicate,"authenticated,service",p_source_event_id,"Guard present, disabled on TEST",legal_required_event_access; update_coach_event_series_v1_business,A guard is not business authorization. Candidate guards-on behavior not executed.
function,"update_coach_event_series_v1_business(uuid,jsonb,uuid[],uuid[],jsonb)",Server/internal RPC,service,See parameter/identity checks in definition and called predicates,Direct client call closed by privileges,can_manage_assigned_group,Reachable from service routes/definer callers; inspect those authorizations.
function,"update_manager_event_occurrence_v1(uuid,jsonb,jsonb,uuid[],uuid[],jsonb,uuid[])",Guarded business RPC or guard predicate,"authenticated,service",p_event_id,"Guard present, disabled on TEST",legal_required_event_access; update_manager_event_occurrence_v1_business,A guard is not business authorization. Candidate guards-on behavior not executed.
function,"update_manager_event_occurrence_v1_business(uuid,jsonb,jsonb,uuid[],uuid[],jsonb,uuid[])",Server/internal RPC,service,See parameter/identity checks in definition and called predicates,Direct client call closed by privileges,manager_event_snapshot_v1; manager_sync_event_criteria_v1; require_manager_club_scope_v1; update_coach_event_occurrence_v1,Reachable from service routes/definer callers; inspect those authorizations.
function,"update_manager_event_series_v1(uuid,jsonb,jsonb,uuid[],uuid[],jsonb,uuid[],text)",Guarded business RPC or guard predicate,"authenticated,service",p_event_id,"Guard present, disabled on TEST",legal_required_event_access; update_manager_event_series_v1_business,A guard is not business authorization. Candidate guards-on behavior not executed.
function,"update_manager_event_series_v1_business(uuid,jsonb,jsonb,uuid[],uuid[],jsonb,uuid[],text)",Server/internal RPC,service,See parameter/identity checks in definition and called predicates,Direct client call closed by privileges,manager_event_snapshot_v1; require_manager_club_scope_v1; update_manager_event_occurrence_v1,Reachable from service routes/definer callers; inspect those authorizations.
function,"update_player_golf_round_transactional(uuid,timestamp with time zone,text,text,smallint,text,integer,numeric,integer,jsonb)",Guarded business RPC or guard predicate,"authenticated,service",club,"Guard present, disabled on TEST",legal_required_direct_access; update_player_golf_round_transactional_business,A guard is not business authorization. Candidate guards-on behavior not executed.
function,"update_player_golf_round_transactional_business(uuid,timestamp with time zone,text,text,smallint,text,integer,numeric,integer,jsonb)",Server/internal RPC,service,See parameter/identity checks in definition and called predicates,Direct client call closed by privileges,om_recompute_round,Reachable from service routes/definer callers; inspect those authorizations.
function,"validate_coach_training_private_notes(uuid,uuid,integer,jsonb)",Server/internal RPC,service,See parameter/identity checks in definition and called predicates,Direct client call closed by privileges,can_manage_coach_event; is_coach_training_assistance_enabled,Reachable from service routes/definer callers; inspect those authorizations.
function,validate_custom_evaluation_response(),Internal trigger,"anon,authenticated,service",See parameter/identity checks in definition and called predicates,Not a standalone PostgREST mutation,,Review parent write policy and trigger depth; EXECUTE privilege alone is not RPC exploitability.
function,validate_player_document_event_link(),Internal trigger,"anon,authenticated,service",See parameter/identity checks in definition and called predicates,Not a standalone PostgREST mutation,,Review parent write policy and trigger depth; EXECUTE privilege alone is not RPC exploitability.
function,validate_rules_series_for_publication(uuid),Server/internal RPC,service,See parameter/identity checks in definition and called predicates,Direct client call closed by privileges,,Reachable from service routes/definer callers; inspect those authorizations.
function,"write_manager_om_v1(uuid,uuid,text,text,uuid,text,jsonb)",Guarded business RPC or guard predicate,"authenticated,service",p_club_id,"Guard present, disabled on TEST",legal_required_direct_access; write_manager_om_v1_business,A guard is not business authorization. Candidate guards-on behavior not executed.
function,"write_manager_om_v1_business(uuid,uuid,text,text,uuid,text,jsonb)",Server/internal RPC,service,See parameter/identity checks in definition and called predicates,Direct client call closed by privileges,manager_om_contest_version_v1; require_manager_club_scope_v1,Reachable from service routes/definer callers; inspect those authorizations.
relation,access_invitation_logs,Club business/configuration,"anon SELECT=False; authenticated S/I/U/D=False,False,False,False",club_id,Direct privileges closed,,Service routes and indirect definer callers remain separate review surface.
relation,access_invitation_tokens,Club business/configuration,"anon SELECT=False; authenticated S/I/U/D=False,False,False,False","club_id,user_id",Direct privileges closed,,Service routes and indirect definer callers remain separate review surface.
relation,app_admins,Identity and bootstrap,"anon SELECT=True; authenticated S/I/U/D=True,True,True,True",user_id,Scoped bootstrap/identity: exemption decision required,,"Do not blanket-gate authentication, role selection, family access or legal presentation dependencies."
relation,app_translations,Club business/configuration,"anon SELECT=True; authenticated S/I/U/D=True,False,False,False",platform / linked parent row; see policies,Intentional public translation catalog,,Not subject to personal acceptance; read-only public purpose.
relation,club_access_invitation_mail_configs,Club business/configuration,"anon SELECT=False; authenticated S/I/U/D=False,False,False,False",club_id,Direct privileges closed,,Service routes and indirect definer callers remain separate review surface.
relation,club_camp_coaches,Club business/configuration,"anon SELECT=False; authenticated S/I/U/D=False,False,False,False",platform / linked parent row; see policies,Direct privileges closed,,Service routes and indirect definer callers remain separate review surface.
relation,club_camp_days,Club business/configuration,"anon SELECT=False; authenticated S/I/U/D=False,False,False,False",event_id,Direct privileges closed,,Service routes and indirect definer callers remain separate review surface.
relation,club_camp_groups,Club business/configuration,"anon SELECT=False; authenticated S/I/U/D=False,False,False,False",group_id,Direct privileges closed,,Service routes and indirect definer callers remain separate review surface.
relation,club_camp_option_days,Club business/configuration,"anon SELECT=True; authenticated S/I/U/D=True,True,True,True",platform / linked parent row; see policies,RLS with no allow policy: direct rows closed,,Privileges alone do not grant rows. storage public URL bypass is separate.
relation,club_camp_options,Club business/configuration,"anon SELECT=True; authenticated S/I/U/D=True,True,True,True",platform / linked parent row; see policies,RLS with no allow policy: direct rows closed,,Privileges alone do not grant rows. storage public URL bypass is separate.
relation,club_camp_player_options,Club business/configuration,"anon SELECT=True; authenticated S/I/U/D=True,True,True,True",player_id,RLS with no allow policy: direct rows closed,,Privileges alone do not grant rows. storage public URL bypass is separate.
relation,club_camp_players,Club business/configuration,"anon SELECT=False; authenticated S/I/U/D=False,False,False,False",player_id,Direct privileges closed,,Service routes and indirect definer callers remain separate review surface.
relation,club_camps,Club business/configuration,"anon SELECT=False; authenticated S/I/U/D=False,False,False,False",club_id,Direct privileges closed,,Service routes and indirect definer callers remain separate review surface.
relation,club_coach_season_field_values,Club business/configuration,"anon SELECT=True; authenticated S/I/U/D=True,True,True,True",platform / linked parent row; see policies,RLS with no allow policy: direct rows closed,,Privileges alone do not grant rows. storage public URL bypass is separate.
relation,club_coach_season_records,Club business/configuration,"anon SELECT=True; authenticated S/I/U/D=True,True,True,True",platform / linked parent row; see policies,RLS with no allow policy: direct rows closed,,Privileges alone do not grant rows. storage public URL bypass is separate.
relation,club_evaluation_criteria,Club business/configuration,"anon SELECT=True; authenticated S/I/U/D=True,True,True,True",club_id; null only for interclub rewards => platform,Candidate 20261103: scoped restrictive gate; NOT applied,is_org_manager_member,Validated schema/FK and all permissive branches. public.legal_required_direct_access(club_id). Existing business roles unchanged. Gate-off rollback verified; active refusal not tested on TEST.
relation,club_event_attendees,Events/training/groups,"anon SELECT=True; authenticated S/I/U/D=True,True,True,True","event_id,player_id",Restrictive legal gate installed but OFF,can_manage_assigned_group; can_manage_coach_event; can_manage_event_attendance; is_group_coach; legal_required_event_access,Existing business RLS remains; club scope must be assessed (golf currently platform only).
relation,club_event_coach_feedback,Events/training/groups,"anon SELECT=False; authenticated S/I/U/D=False,False,False,False","event_id,player_id",Direct privileges closed,can_manage_coach_event; is_group_coach,Service routes and indirect definer callers remain separate review surface.
relation,club_event_coaches,Events/training/groups,"anon SELECT=True; authenticated S/I/U/D=True,True,True,True","canonical event club, resolved by definer",Candidate 20261103: scoped restrictive gate; NOT applied,can_manage_assigned_group; can_manage_coach_event; is_group_coach,Validated schema/FK and all permissive branches. public.legal_required_event_access(event_id). Existing business roles unchanged. Gate-off rollback verified; active refusal not tested on TEST.
relation,club_event_evaluation_criteria,Events/training/groups,"anon SELECT=True; authenticated S/I/U/D=True,True,True,True","canonical event club, resolved by definer",Candidate 20261103: scoped restrictive gate; NOT applied,can_staff_access_evaluation_event; is_org_manager_member,Validated schema/FK and all permissive branches. public.legal_required_event_access(event_id). Existing business roles unchanged. Gate-off rollback verified; active refusal not tested on TEST.
relation,club_event_evaluation_responses,Events/training/groups,"anon SELECT=True; authenticated S/I/U/D=True,True,True,True","canonical event club, resolved by definer",Candidate 20261103: scoped restrictive gate; NOT applied,can_staff_access_evaluation_event; is_org_manager_member,Validated schema/FK and all permissive branches. public.legal_required_event_access(event_id). Existing business roles unchanged. Gate-off rollback verified; active refusal not tested on TEST.
relation,club_event_player_feedback,Events/training/groups,"anon SELECT=True; authenticated S/I/U/D=True,True,True,True","event_id,player_id",Parent RLS dependency qualified; effective active denial still untested,is_group_coach; is_group_player,Reviewed every non-Admin permissive USING/WITH CHECK branch: caller-visible EXISTS through club_events. No definer shortcut in these branches. Some parent gates remain candidate-only.
relation,club_event_player_structure_items,Events/training/groups,"anon SELECT=True; authenticated S/I/U/D=True,True,True,True","canonical event club, resolved by definer",Candidate 20261103: scoped restrictive gate; NOT applied,can_manage_coach_event,Validated schema/FK and all permissive branches. public.legal_required_event_access(event_id). Existing business roles unchanged. Gate-off rollback verified; active refusal not tested on TEST.
relation,club_event_reminders,Events/training/groups,"anon SELECT=True; authenticated S/I/U/D=True,True,True,True",event_id,Parent RLS dependency qualified; effective active denial still untested,,Reviewed every non-Admin permissive USING/WITH CHECK branch: caller-visible EXISTS through club_events. No definer shortcut in these branches. Some parent gates remain candidate-only.
relation,club_event_series,Events/training/groups,"anon SELECT=True; authenticated S/I/U/D=True,True,True,True",club_id; null only for interclub rewards => platform,Candidate 20261103: scoped restrictive gate; NOT applied,can_manage_assigned_group; is_group_coach; is_group_player; is_group_staff_member,Validated schema/FK and all permissive branches. public.legal_required_direct_access(club_id). Existing business roles unchanged. Gate-off rollback verified; active refusal not tested on TEST.
relation,club_event_structure_items,Events/training/groups,"anon SELECT=True; authenticated S/I/U/D=True,True,True,True","canonical event club, resolved by definer",Candidate 20261103: scoped restrictive gate; NOT applied,parent_can_view_child_event,Validated schema/FK and all permissive branches. public.legal_required_event_access(event_id). Existing business roles unchanged. Gate-off rollback verified; active refusal not tested on TEST.
relation,club_events,Events/training/groups,"anon SELECT=True; authenticated S/I/U/D=True,True,True,True","club_id,organization_id,group_id",Restrictive legal gate installed but OFF,can_manage_assigned_group; can_manage_coach_event; is_group_coach; is_group_player; legal_required_direct_access; parent_can_view_child_event,Existing business RLS remains; club scope must be assessed (golf currently platform only).
relation,club_member_player_field_values,Club business/configuration,"anon SELECT=False; authenticated S/I/U/D=False,False,False,False",platform / linked parent row; see policies,Direct privileges closed,,Service routes and indirect definer callers remain separate review surface.
relation,club_member_sensitive_field_values,Club business/configuration,"anon SELECT=True; authenticated S/I/U/D=True,True,True,True",platform / linked parent row; see policies,RLS with no allow policy: direct rows closed,,Privileges alone do not grant rows. storage public URL bypass is separate.
relation,club_members,Identity and bootstrap,"anon SELECT=True; authenticated S/I/U/D=True,True,True,True","club_id,user_id",Scoped bootstrap/identity: exemption decision required,is_active_member_of_club; is_club_manager,"Do not blanket-gate authentication, role selection, family access or legal presentation dependencies."
relation,club_news,Club business/configuration,"anon SELECT=True; authenticated S/I/U/D=True,True,True,True",club_id; null only for interclub rewards => platform,Candidate 20261103: scoped restrictive gate; NOT applied,,Validated schema/FK and all permissive branches. public.legal_required_direct_access(club_id). Existing business roles unchanged. Gate-off rollback verified; active refusal not tested on TEST.
relation,club_news_email_deliveries,Club business/configuration,"anon SELECT=False; authenticated S/I/U/D=False,False,False,False",platform / linked parent row; see policies,Direct privileges closed,,Service routes and indirect definer callers remain separate review surface.
relation,club_news_targets,Club business/configuration,"anon SELECT=True; authenticated S/I/U/D=True,True,True,True",platform / linked parent row; see policies,Parent RLS dependency qualified; effective active denial still untested,,Reviewed every non-Admin permissive USING/WITH CHECK branch: caller-visible EXISTS through club_news. No definer shortcut in these branches. Some parent gates remain candidate-only.
relation,club_parent_intake_configs,Club business/configuration,"anon SELECT=False; authenticated S/I/U/D=False,False,False,False",club_id,Direct privileges closed,,Service routes and indirect definer callers remain separate review surface.
relation,club_player_fields,Club business/configuration,"anon SELECT=False; authenticated S/I/U/D=False,False,False,False",club_id,Direct privileges closed,,Service routes and indirect definer callers remain separate review surface.
relation,club_player_season_field_values,Club business/configuration,"anon SELECT=True; authenticated S/I/U/D=True,True,True,True",platform / linked parent row; see policies,RLS with no allow policy: direct rows closed,,Privileges alone do not grant rows. storage public URL bypass is separate.
relation,club_player_season_records,Club business/configuration,"anon SELECT=True; authenticated S/I/U/D=True,True,True,True",group_id,Parent RLS dependency qualified; effective active denial still untested,,Reviewed every non-Admin permissive USING/WITH CHECK branch: caller-visible EXISTS through club_seasons. No definer shortcut in these branches. Some parent gates remain candidate-only.
relation,club_seasons,Club business/configuration,"anon SELECT=True; authenticated S/I/U/D=True,True,True,True",club_id; null only for interclub rewards => platform,Candidate 20261103: scoped restrictive gate; NOT applied,,Validated schema/FK and all permissive branches. public.legal_required_direct_access(club_id). Existing business roles unchanged. Gate-off rollback verified; active refusal not tested on TEST.
relation,club_training_attendance,Events/training/groups,"anon SELECT=True; authenticated S/I/U/D=True,True,True,True",canonical legacy club training; owner/helper branches bypass parent RLS,Candidate 20261103: scoped restrictive gate; NOT applied,is_app_admin; is_club_manager_member; is_coach_of_club_training,Validated schema/FK and all permissive branches. public.legal_required_club_training_access(training_id). Existing business roles unchanged. Gate-off rollback verified; active refusal not tested on TEST.
relation,club_training_coach_evals,Events/training/groups,"anon SELECT=True; authenticated S/I/U/D=True,True,True,True",canonical legacy club training; owner/helper branches bypass parent RLS,Candidate 20261103: scoped restrictive gate; NOT applied,is_app_admin; is_club_manager_member; is_coach_of_club_training,Validated schema/FK and all permissive branches. public.legal_required_club_training_access(training_id). Existing business roles unchanged. Gate-off rollback verified; active refusal not tested on TEST.
relation,club_trainings,Events/training/groups,"anon SELECT=True; authenticated S/I/U/D=True,True,True,True",club_id; null only for interclub rewards => platform,Candidate 20261103: scoped restrictive gate; NOT applied,is_app_admin; is_club_manager_member; is_coach_in_group,Validated schema/FK and all permissive branches. public.legal_required_direct_access(club_id). Existing business roles unchanged. Gate-off rollback verified; active refusal not tested on TEST.
relation,clubs,Identity and bootstrap,"anon SELECT=True; authenticated S/I/U/D=True,True,True,True",platform / linked parent row; see policies,Scoped bootstrap/identity: exemption decision required,is_club_manager; is_club_member; is_superadmin,"Do not blanket-gate authentication, role selection, family access or legal presentation dependencies."
relation,coach_event_creation_requests,Club business/configuration,"anon SELECT=False; authenticated S/I/U/D=False,False,False,False",group_id,Direct privileges closed,,Service routes and indirect definer callers remain separate review surface.
relation,coach_group_categories,Events/training/groups,"anon SELECT=True; authenticated S/I/U/D=True,True,True,True","canonical group club, resolved by definer",Candidate 20261103: scoped restrictive gate; NOT applied,is_app_admin; is_club_manager_member; is_coach_or_manager_of_club,Validated schema/FK and all permissive branches. public.legal_required_group_access(group_id). Existing business roles unchanged. Gate-off rollback verified; active refusal not tested on TEST.
relation,coach_group_coaches,Events/training/groups,"anon SELECT=True; authenticated S/I/U/D=True,True,True,True","canonical group club, resolved by definer",Candidate 20261103: scoped restrictive gate; NOT applied,is_app_admin; is_club_manager_member; is_coach_or_manager_of_club; is_group_staff_member,Validated schema/FK and all permissive branches. public.legal_required_group_access(group_id). Existing business roles unchanged. Gate-off rollback verified; active refusal not tested on TEST.
relation,coach_group_players,Events/training/groups,"anon SELECT=True; authenticated S/I/U/D=True,True,True,True",group_id,Restrictive legal gate installed but OFF,is_app_admin; is_club_manager_member; is_coach_or_manager_of_club; is_group_staff_member; legal_required_group_access,Existing business RLS remains; club scope must be assessed (golf currently platform only).
relation,coach_groups,Events/training/groups,"anon SELECT=True; authenticated S/I/U/D=True,True,True,True","club_id,organization_id",Restrictive legal gate installed but OFF,is_app_admin; is_club_manager_member; is_coach_or_manager_of_club; legal_required_direct_access,Existing business RLS remains; club scope must be assessed (golf currently platform only).
relation,coach_player_group_transfers,Club business/configuration,"anon SELECT=True; authenticated S/I/U/D=True,True,True,True",club_id; null only for interclub rewards => platform,Candidate 20261103: scoped restrictive gate; NOT applied,,Validated schema/FK and all permissive branches. public.legal_required_direct_access(club_id). Existing business roles unchanged. Gate-off rollback verified; active refusal not tested on TEST.
relation,coach_player_private_notes,Club business/configuration,"anon SELECT=False; authenticated S/I/U/D=False,False,False,False","organization_id,event_id,player_id",Direct privileges closed,can_manage_coach_event,Service routes and indirect definer callers remain separate review surface.
relation,coach_players,Club business/configuration,"anon SELECT=True; authenticated S/I/U/D=True,True,True,True",club_id; null only for interclub rewards => platform,Candidate 20261103: scoped restrictive gate; NOT applied,is_club_manager; is_superadmin,Validated schema/FK and all permissive branches. public.legal_required_direct_access(club_id). Existing business roles unchanged. Gate-off rollback verified; active refusal not tested on TEST.
relation,coach_training_debriefs,Club business/configuration,"anon SELECT=False; authenticated S/I/U/D=False,False,False,False","organization_id,event_id",Direct privileges closed,can_manage_coach_event,Service routes and indirect definer callers remain separate review surface.
relation,coach_training_preparation_insights,Club business/configuration,"anon SELECT=False; authenticated S/I/U/D=False,False,False,False","organization_id,group_id,player_id",Direct privileges closed,,Service routes and indirect definer callers remain separate review surface.
relation,coach_training_preparation_reads,Club business/configuration,"anon SELECT=False; authenticated S/I/U/D=False,False,False,False",player_id,Direct privileges closed,,Service routes and indirect definer callers remain separate review surface.
relation,etiquette_card_versions,Learning,"anon SELECT=False; authenticated S/I/U/D=True,True,True,True",platform / linked parent row; see policies,"Published learning catalog; exemption proposed, human confirmation required",etiquette_is_public_version; is_app_admin,"Published/approved learning content, no personal decision or progress rows. Admin editorial branch separate. Authenticated overview combines personal data and is now included in candidate HTTP gate."
relation,etiquette_cards,Learning,"anon SELECT=False; authenticated S/I/U/D=True,True,True,True",platform / linked parent row; see policies,"Published learning catalog; exemption proposed, human confirmation required",is_app_admin,"Published/approved learning content, no personal decision or progress rows. Admin editorial branch separate. Authenticated overview combines personal data and is now included in candidate HTTP gate."
relation,etiquette_themes,Learning,"anon SELECT=False; authenticated S/I/U/D=True,True,True,True",platform / linked parent row; see policies,"Published learning catalog; exemption proposed, human confirmation required",is_app_admin,"Published/approved learning content, no personal decision or progress rows. Admin editorial branch separate. Authenticated overview combines personal data and is now included in candidate HTTP gate."
relation,golf_round_holes,Golf/OM,"anon SELECT=True; authenticated S/I/U/D=True,True,True,True",canonical round OM organization,Candidate 20261103: scoped restrictive gate; NOT applied,is_round_owner; legal_required_direct_access,Validated schema/FK and all permissive branches. public.legal_required_round_access(round_id). Existing business roles unchanged. Gate-off rollback verified; active refusal not tested on TEST.
relation,golf_rounds,Golf/OM,"anon SELECT=True; authenticated S/I/U/D=True,True,True,True","same club scope as golf save/update RPCs; club_id means course, not membership",Candidate 20261103: scoped restrictive gate; NOT applied,legal_required_direct_access,Validated schema/FK and all permissive branches. public.legal_required_direct_access(om_organization_id). Existing business roles unchanged. Gate-off rollback verified; active refusal not tested on TEST.
relation,legal_conflict_resolutions,Legal registry/evidence,"anon SELECT=False; authenticated S/I/U/D=False,False,False,False",beneficiary_id,Direct privileges closed,,Service routes and indirect definer callers remain separate review surface.
relation,legal_current_state,Legal registry/evidence,"anon SELECT=False; authenticated S/I/U/D=False,False,False,False",beneficiary_id,Direct privileges closed,,Service routes and indirect definer callers remain separate review surface.
relation,legal_data_request_events,Legal registry/evidence,"anon SELECT=False; authenticated S/I/U/D=False,False,False,False",platform / linked parent row; see policies,Direct privileges closed,,Service routes and indirect definer callers remain separate review surface.
relation,legal_data_requests,Legal registry/evidence,"anon SELECT=False; authenticated S/I/U/D=False,False,False,False",platform / linked parent row; see policies,Direct privileges closed,,Service routes and indirect definer callers remain separate review surface.
relation,legal_decisions,Legal registry/evidence,"anon SELECT=False; authenticated S/I/U/D=False,False,False,False","club_id,beneficiary_id",Direct privileges closed,,Service routes and indirect definer callers remain separate review surface.
relation,legal_documents,Legal registry/evidence,"anon SELECT=False; authenticated S/I/U/D=False,False,False,False",club_id,Direct privileges closed,,Service routes and indirect definer callers remain separate review surface.
relation,legal_drafts,Legal registry/evidence,"anon SELECT=False; authenticated S/I/U/D=False,False,False,False",platform / linked parent row; see policies,Direct privileges closed,,Service routes and indirect definer callers remain separate review surface.
relation,legal_enforcement_control,Legal registry/evidence,"anon SELECT=False; authenticated S/I/U/D=False,False,False,False",platform / linked parent row; see policies,Direct privileges closed,,Service routes and indirect definer callers remain separate review surface.
relation,legal_legacy_current_refs,Legal registry/evidence,"anon SELECT=False; authenticated S/I/U/D=False,False,False,False",club_id,Direct privileges closed,,Service routes and indirect definer callers remain separate review surface.
relation,legal_legacy_references,Legal registry/evidence,"anon SELECT=False; authenticated S/I/U/D=False,False,False,False",platform / linked parent row; see policies,Direct privileges closed,,Service routes and indirect definer callers remain separate review surface.
relation,legal_parent_challenges,Legal registry/evidence,"anon SELECT=False; authenticated S/I/U/D=False,False,False,False",beneficiary_id,Direct privileges closed,,Service routes and indirect definer callers remain separate review surface.
relation,legal_presentations,Legal registry/evidence,"anon SELECT=False; authenticated S/I/U/D=False,False,False,False","club_id,beneficiary_id",Direct privileges closed,,Service routes and indirect definer callers remain separate review surface.
relation,legal_representative_assertions,Legal registry/evidence,"anon SELECT=False; authenticated S/I/U/D=False,False,False,False",club_id,Direct privileges closed,,Service routes and indirect definer callers remain separate review surface.
relation,legal_representative_events,Legal registry/evidence,"anon SELECT=False; authenticated S/I/U/D=False,False,False,False",club_id,Direct privileges closed,,Service routes and indirect definer callers remain separate review surface.
relation,legal_rule_revisions,Legal registry/evidence,"anon SELECT=False; authenticated S/I/U/D=False,False,False,False",platform / linked parent row; see policies,Direct privileges closed,,Service routes and indirect definer callers remain separate review surface.
relation,legal_versions,Legal registry/evidence,"anon SELECT=False; authenticated S/I/U/D=False,False,False,False",platform / linked parent row; see policies,Direct privileges closed,,Service routes and indirect definer callers remain separate review surface.
relation,manager_activity_creation_requests,Club business/configuration,"anon SELECT=False; authenticated S/I/U/D=False,False,False,False",platform / linked parent row; see policies,Direct privileges closed,,Service routes and indirect definer callers remain separate review surface.
relation,manager_event_creation_requests,Club business/configuration,"anon SELECT=False; authenticated S/I/U/D=False,False,False,False",group_id,Direct privileges closed,,Service routes and indirect definer callers remain separate review surface.
relation,manager_om_write_requests,Club business/configuration,"anon SELECT=False; authenticated S/I/U/D=False,False,False,False",platform / linked parent row; see policies,Direct privileges closed,,Service routes and indirect definer callers remain separate review surface.
relation,marketplace_images,Marketplace,"anon SELECT=True; authenticated S/I/U/D=True,True,True,True",platform / linked parent row; see policies,Parent RLS dependency qualified; effective active denial still untested,,Reviewed every non-Admin permissive USING/WITH CHECK branch: caller-visible EXISTS through marketplace_items. No definer shortcut in these branches. Some parent gates remain candidate-only.
relation,marketplace_items,Marketplace,"anon SELECT=True; authenticated S/I/U/D=True,True,True,True","club_id,user_id",Resolved on TEST by applied 20261102 club boundary,legal_required_direct_access,Restrictive marketplace_club_boundary in fresh TEST snapshot; prior campaign cross-club behavioral checks passed.
relation,message_threads,Messages,"anon SELECT=True; authenticated S/I/U/D=True,True,True,True",organization_id FK references clubs.id,Candidate 20261103: scoped restrictive gate; NOT applied,can_create_message_thread; can_manage_message_thread; can_read_message_thread,Validated schema/FK and all permissive branches. public.legal_required_direct_access(organization_id). Existing business roles unchanged. Gate-off rollback verified; active refusal not tested on TEST.
relation,notification_recipients,Club business/configuration,"anon SELECT=True; authenticated S/I/U/D=True,True,True,True",user_id,Open: notification purpose and recovery exemptions undefined,is_app_admin,Direct recipient/author branches do not consult legal state; service delivery and already-delivered push independent. Must distinguish legal/account notices from optional sporting/marketing sends before restricting.
relation,notifications,Club business/configuration,"anon SELECT=True; authenticated S/I/U/D=True,True,True,True",club_id,Open: notification purpose and recovery exemptions undefined,is_app_admin,Direct recipient/author branches do not consult legal state; service delivery and already-delivered push independent. Must distinguish legal/account notices from optional sporting/marketing sends before restricting.
relation,objects,Club business/configuration,"anon SELECT=True; authenticated S/I/U/D=True,True,True,True",platform / linked parent row; see policies,RLS with no allow policy: direct rows closed,,Privileges alone do not grant rows. storage public URL bypass is separate.
relation,om_bonus_entries,Golf/OM,"anon SELECT=True; authenticated S/I/U/D=True,True,True,True",existing OM contract: organization_id used as club; non-club organizations remain a separate applicability decision,Candidate 20261103: scoped restrictive gate; NOT applied,is_org_manager_member; is_org_staff_member,Validated schema/FK and all permissive branches. public.legal_required_direct_access(organization_id). Existing business roles unchanged. Gate-off rollback verified; active refusal not tested on TEST.
relation,om_exceptional_tournaments,Golf/OM,"anon SELECT=True; authenticated S/I/U/D=True,False,False,False",existing OM contract: organization_id used as club; non-club organizations remain a separate applicability decision,Candidate 20261103: scoped restrictive gate; NOT applied,is_org_manager_member; is_org_staff_member,Validated schema/FK and all permissive branches. public.legal_required_direct_access(organization_id). Existing business roles unchanged. Gate-off rollback verified; active refusal not tested on TEST.
relation,om_internal_contest_results,Golf/OM,"anon SELECT=True; authenticated S/I/U/D=True,False,False,False","canonical OM contest organization, same existing OM contract",Candidate 20261103: scoped restrictive gate; NOT applied,can_user_read_internal_contest; is_org_manager_member,Validated schema/FK and all permissive branches. public.legal_required_contest_access(contest_id). Existing business roles unchanged. Gate-off rollback verified; active refusal not tested on TEST.
relation,om_internal_contests,Golf/OM,"anon SELECT=True; authenticated S/I/U/D=True,False,False,False",existing OM contract: organization_id used as club; non-club organizations remain a separate applicability decision,Candidate 20261103: scoped restrictive gate; NOT applied,can_user_read_internal_contest; is_org_manager_member,Validated schema/FK and all permissive branches. public.legal_required_direct_access(organization_id). Existing business roles unchanged. Gate-off rollback verified; active refusal not tested on TEST.
relation,om_tournament_scores,Golf/OM,"anon SELECT=True; authenticated S/I/U/D=True,True,True,True",existing OM contract: organization_id used as club; non-club organizations remain a separate applicability decision,Candidate 20261103: scoped restrictive gate; NOT applied,is_org_manager_member; is_org_staff_member,Validated schema/FK and all permissive branches. public.legal_required_direct_access(organization_id). Existing business roles unchanged. Gate-off rollback verified; active refusal not tested on TEST.
relation,organization_members,Identity and bootstrap,"anon SELECT=True; authenticated S/I/U/D=True,True,True,True","organization_id,user_id",Scoped bootstrap/identity: exemption decision required,is_org_captain,"Do not blanket-gate authentication, role selection, family access or legal presentation dependencies."
relation,organization_settings,Identity and bootstrap,"anon SELECT=True; authenticated S/I/U/D=True,True,True,True",organization_id,Scoped bootstrap/identity: exemption decision required,,"Do not blanket-gate authentication, role selection, family access or legal presentation dependencies."
relation,organizations,Identity and bootstrap,"anon SELECT=True; authenticated S/I/U/D=True,True,True,True",platform / linked parent row; see policies,Scoped bootstrap/identity: exemption decision required,is_superadmin,"Do not blanket-gate authentication, role selection, family access or legal presentation dependencies."
relation,platform_news,Club business/configuration,"anon SELECT=True; authenticated S/I/U/D=True,False,False,False",platform / linked parent row; see policies,Parent RLS dependency qualified; effective active denial still untested,,Reviewed every non-Admin permissive USING/WITH CHECK branch: caller-visible EXISTS through platform_news_clubs. No definer shortcut in these branches. Some parent gates remain candidate-only.
relation,platform_news_clubs,Club business/configuration,"anon SELECT=True; authenticated S/I/U/D=True,False,False,False",club_id; null only for interclub rewards => platform,Candidate 20261103: scoped restrictive gate; NOT applied,,Validated schema/FK and all permissive branches. public.legal_required_direct_access(club_id). Existing business roles unchanged. Gate-off rollback verified; active refusal not tested on TEST.
relation,platform_news_translations,Club business/configuration,"anon SELECT=True; authenticated S/I/U/D=True,False,False,False",platform / linked parent row; see policies,Parent RLS dependency qualified; effective active denial still untested,,Reviewed every non-Admin permissive USING/WITH CHECK branch: caller-visible EXISTS through platform_news + platform_news_clubs. No definer shortcut in these branches. Some parent gates remain candidate-only.
relation,player_activity_events,Club business/configuration,"anon SELECT=True; authenticated S/I/U/D=True,True,True,True",personal platform activity; no unique club in row,Candidate 20261103: scoped restrictive gate; NOT applied,,Validated schema/FK and all permissive branches. public.legal_required_direct_access(). Existing business roles unchanged. Gate-off rollback verified; active refusal not tested on TEST.
relation,player_camp_days,Club business/configuration,"anon SELECT=False; authenticated S/I/U/D=False,False,False,False",session_id,Direct privileges closed,,Service routes and indirect definer callers remain separate review surface.
relation,player_camps,Club business/configuration,"anon SELECT=False; authenticated S/I/U/D=False,False,False,False",user_id,Direct privileges closed,,Service routes and indirect definer callers remain separate review surface.
relation,player_consent_history,Club business/configuration,"anon SELECT=True; authenticated S/I/U/D=True,True,True,True",club_id,RLS with no allow policy: direct rows closed,,Privileges alone do not grant rows. storage public URL bypass is separate.
relation,player_consents,Club business/configuration,"anon SELECT=True; authenticated S/I/U/D=True,True,True,True",club_id,RLS with no allow policy: direct rows closed,,Privileges alone do not grant rows. storage public URL bypass is separate.
relation,player_dashboard_documents,Player documents,"anon SELECT=True; authenticated S/I/U/D=True,True,True,True",organization_id FK references clubs.id,Candidate 20261103: scoped restrictive gate; NOT applied,can_staff_access_player_document,Validated schema/FK and all permissive branches. public.legal_required_direct_access(organization_id). Existing business roles unchanged. Gate-off rollback verified; active refusal not tested on TEST.
relation,player_document_storage_deletions,Player documents,"anon SELECT=False; authenticated S/I/U/D=False,False,False,False",platform / linked parent row; see policies,Direct privileges closed,,Service routes and indirect definer callers remain separate review surface.
relation,player_document_upload_reservations,Player documents,"anon SELECT=False; authenticated S/I/U/D=False,False,False,False","organization_id,club_event_id,player_id",Direct privileges closed,,Service routes and indirect definer callers remain separate review surface.
relation,player_guardians,Identity and bootstrap,"anon SELECT=True; authenticated S/I/U/D=True,True,True,True",player_id,Scoped bootstrap/identity: exemption decision required,,"Do not blanket-gate authentication, role selection, family access or legal presentation dependencies."
relation,player_handicap_history,Club business/configuration,"anon SELECT=True; authenticated S/I/U/D=True,True,True,True",personal platform activity; no unique club in row,Candidate 20261103: scoped restrictive gate; NOT applied,,Validated schema/FK and all permissive branches. public.legal_required_direct_access(). Existing business roles unchanged. Gate-off rollback verified; active refusal not tested on TEST.
relation,player_periodic_report_configs,Club business/configuration,"anon SELECT=True; authenticated S/I/U/D=True,True,True,True",club_id,RLS with no allow policy: direct rows closed,,Privileges alone do not grant rows. storage public URL bypass is separate.
relation,player_periodic_report_deliveries,Club business/configuration,"anon SELECT=True; authenticated S/I/U/D=True,True,True,True",club_id; null only for interclub rewards => platform,Candidate 20261103: scoped restrictive gate; NOT applied,,Validated schema/FK and all permissive branches. public.legal_required_direct_access(club_id). Existing business roles unchanged. Gate-off rollback verified; active refusal not tested on TEST.
relation,player_periodic_reports,Club business/configuration,"anon SELECT=True; authenticated S/I/U/D=True,True,True,True",club_id; null only for interclub rewards => platform,Candidate 20261103: scoped restrictive gate; NOT applied,,Validated schema/FK and all permissive branches. public.legal_required_direct_access(club_id). Existing business roles unchanged. Gate-off rollback verified; active refusal not tested on TEST.
relation,player_validation_attempts,Club business/configuration,"anon SELECT=False; authenticated S/I/U/D=False,False,False,False",player_id,Direct privileges closed,,Service routes and indirect definer callers remain separate review surface.
relation,profiles,Identity and bootstrap,"anon SELECT=True; authenticated S/I/U/D=True,True,True,True",platform / linked parent row; see policies,Scoped bootstrap/identity: exemption decision required,is_active_member_of_club,"Do not blanket-gate authentication, role selection, family access or legal presentation dependencies."
relation,program_members,Identity and bootstrap,"anon SELECT=True; authenticated S/I/U/D=True,True,True,True",user_id,Scoped bootstrap/identity: exemption decision required,is_program_in_captain_org,"Do not blanket-gate authentication, role selection, family access or legal presentation dependencies."
relation,programs,Identity and bootstrap,"anon SELECT=True; authenticated S/I/U/D=True,True,True,True",organization_id,Scoped bootstrap/identity: exemption decision required,is_org_captain,"Do not blanket-gate authentication, role selection, family access or legal presentation dependencies."
relation,push_subscriptions,Identity and bootstrap,"anon SELECT=True; authenticated S/I/U/D=True,True,True,True",user_id,Scoped bootstrap/identity: exemption decision required,,"Do not blanket-gate authentication, role selection, family access or legal presentation dependencies."
relation,rules_admin_events,Learning,"anon SELECT=True; authenticated S/I/U/D=True,True,True,True",platform / linked parent row; see policies,Admin-only direct RLS; personal Admin enforcement decision required,is_app_admin,All permissive branches require is_app_admin(auth.uid()); not an ordinary Player/Coach bypass. HTTP Admin business/SQL Admin consistency remains to decide.
relation,rules_attempt_questions,Learning,"anon SELECT=False; authenticated S/I/U/D=True,True,True,True",platform / linked parent row; see policies,Admin-only direct RLS; personal Admin enforcement decision required,is_app_admin,All permissive branches require is_app_admin(auth.uid()); not an ordinary Player/Coach bypass. HTTP Admin business/SQL Admin consistency remains to decide.
relation,rules_card_progress,Learning,"anon SELECT=True; authenticated S/I/U/D=True,True,True,True",personal platform activity; no unique club in row,Candidate 20261103: scoped restrictive gate; NOT applied,is_app_admin,Validated schema/FK and all permissive branches. public.legal_required_direct_access(). Existing business roles unchanged. Gate-off rollback verified; active refusal not tested on TEST.
relation,rules_card_versions,Learning,"anon SELECT=True; authenticated S/I/U/D=True,True,True,True",platform / linked parent row; see policies,"Published learning catalog; exemption proposed, human confirmation required",is_app_admin,"Published/approved learning content, no personal decision or progress rows. Admin editorial branch separate. Authenticated overview combines personal data and is now included in candidate HTTP gate."
relation,rules_cards,Learning,"anon SELECT=True; authenticated S/I/U/D=True,True,True,True",platform / linked parent row; see policies,"Published learning catalog; exemption proposed, human confirmation required",is_app_admin,"Published/approved learning content, no personal decision or progress rows. Admin editorial branch separate. Authenticated overview combines personal data and is now included in candidate HTTP gate."
relation,rules_club_participations,Learning,"anon SELECT=True; authenticated S/I/U/D=True,True,True,True",club_id; null only for interclub rewards => platform,Candidate 20261103: scoped restrictive gate; NOT applied,is_app_admin; rules_is_club_manager,Validated schema/FK and all permissive branches. public.legal_required_direct_access(club_id). Existing business roles unchanged. Gate-off rollback verified; active refusal not tested on TEST.
relation,rules_coach_coverage,Learning,"anon SELECT=True; authenticated S/I/U/D=True,True,True,True","canonical group club, resolved by definer",Candidate 20261103: scoped restrictive gate; NOT applied,is_app_admin; rules_is_club_manager,Validated schema/FK and all permissive branches. public.legal_required_group_access(group_id). Existing business roles unchanged. Gate-off rollback verified; active refusal not tested on TEST.
relation,rules_participation_groups,Learning,"anon SELECT=True; authenticated S/I/U/D=True,True,True,True",group_id,Parent RLS dependency qualified; effective active denial still untested,is_app_admin; rules_is_club_manager,Reviewed every non-Admin permissive USING/WITH CHECK branch: caller-visible EXISTS through rules_club_participations (non-Admin branches). No definer shortcut in these branches. Some parent gates remain candidate-only.
relation,rules_question_options,Learning,"anon SELECT=False; authenticated S/I/U/D=True,True,True,True",platform / linked parent row; see policies,"Published learning catalog; exemption proposed, human confirmation required",is_app_admin,"Published/approved learning content, no personal decision or progress rows. Admin editorial branch separate. Authenticated overview combines personal data and is now included in candidate HTTP gate."
relation,rules_questions,Learning,"anon SELECT=False; authenticated S/I/U/D=True,True,True,True",platform / linked parent row; see policies,"Published learning catalog; exemption proposed, human confirmation required",is_app_admin,"Published/approved learning content, no personal decision or progress rows. Admin editorial branch separate. Authenticated overview combines personal data and is now included in candidate HTTP gate."
relation,rules_quiz_attempt_clubs,Learning,"anon SELECT=False; authenticated S/I/U/D=False,False,False,False",club_id,Direct privileges closed,,Service routes and indirect definer callers remain separate review surface.
relation,rules_quiz_attempts,Learning,"anon SELECT=False; authenticated S/I/U/D=True,True,True,True",club_id; null only for interclub rewards => platform,Candidate 20261103: scoped restrictive gate; NOT applied,is_app_admin; rules_coach_can_follow_player; rules_is_club_manager,Validated schema/FK and all permissive branches. public.legal_required_direct_access(club_id). Existing business roles unchanged. Gate-off rollback verified; active refusal not tested on TEST.
relation,rules_reward_winners,Learning,"anon SELECT=True; authenticated S/I/U/D=True,True,True,True","club_id,user_id",Parent RLS dependency qualified; effective active denial still untested,is_app_admin,Reviewed every non-Admin permissive USING/WITH CHECK branch: caller-visible EXISTS through rules_rewards (non-Admin branches). No definer shortcut in these branches. Some parent gates remain candidate-only.
relation,rules_rewards,Learning,"anon SELECT=True; authenticated S/I/U/D=True,True,True,True",club_id; null only for interclub rewards => platform,Candidate 20261103: scoped restrictive gate; NOT applied,is_app_admin; rules_is_club_manager,Validated schema/FK and all permissive branches. public.legal_required_direct_access(club_id). Existing business roles unchanged. Gate-off rollback verified; active refusal not tested on TEST.
relation,rules_seasons,Learning,"anon SELECT=True; authenticated S/I/U/D=True,True,True,True",platform / linked parent row; see policies,"Published learning catalog; exemption proposed, human confirmation required",is_app_admin,"Published/approved learning content, no personal decision or progress rows. Admin editorial branch separate. Authenticated overview combines personal data and is now included in candidate HTTP gate."
relation,rules_series,Learning,"anon SELECT=True; authenticated S/I/U/D=True,True,True,True",platform / linked parent row; see policies,"Published learning catalog; exemption proposed, human confirmation required",is_app_admin,"Published/approved learning content, no personal decision or progress rows. Admin editorial branch separate. Authenticated overview combines personal data and is now included in candidate HTTP gate."
relation,rules_series_cards,Learning,"anon SELECT=True; authenticated S/I/U/D=True,True,True,True",platform / linked parent row; see policies,"Published learning catalog; exemption proposed, human confirmation required",is_app_admin,"Published/approved learning content, no personal decision or progress rows. Admin editorial branch separate. Authenticated overview combines personal data and is now included in candidate HTTP gate."
relation,thread_messages,Messages,"anon SELECT=True; authenticated S/I/U/D=True,True,True,True","canonical message thread club, resolved by definer",Candidate 20261103: scoped restrictive gate; NOT applied,can_manage_message_thread; can_post_message_thread; can_read_message_thread,Validated schema/FK and all permissive branches. public.legal_required_thread_access(thread_id). Existing business roles unchanged. Gate-off rollback verified; active refusal not tested on TEST.
relation,thread_participants,Messages,"anon SELECT=True; authenticated S/I/U/D=True,True,True,True","canonical message thread club, resolved by definer",Candidate 20261103: scoped restrictive gate; NOT applied,can_manage_message_thread,Validated schema/FK and all permissive branches. public.legal_required_thread_access(thread_id). Existing business roles unchanged. Gate-off rollback verified; active refusal not tested on TEST.
relation,training_session_items,Events/training/groups,"anon SELECT=True; authenticated S/I/U/D=True,True,True,True",session_id,Restrictive legal gate installed but OFF,legal_required_session_access,Existing business RLS remains; club scope must be assessed (golf currently platform only).
relation,training_sessions,Events/training/groups,"anon SELECT=True; authenticated S/I/U/D=True,True,True,True","club_id,club_event_id,user_id",Restrictive legal gate installed but OFF,is_group_coach; is_group_player; legal_required_event_access,Existing business RLS remains; club scope must be assessed (golf currently platform only).
relation,training_volume_settings,Events/training/groups,"anon SELECT=False; authenticated S/I/U/D=False,False,False,False",organization_id,Direct privileges closed,,Service routes and indirect definer callers remain separate review surface.
relation,training_volume_targets,Events/training/groups,"anon SELECT=False; authenticated S/I/U/D=False,False,False,False",organization_id,Direct privileges closed,,Service routes and indirect definer callers remain separate review surface.
relation,user_notification_preferences,Identity and bootstrap,"anon SELECT=True; authenticated S/I/U/D=True,True,True,True",user_id,Scoped bootstrap/identity: exemption decision required,,"Do not blanket-gate authentication, role selection, family access or legal presentation dependencies."
relation,validation_exercises,Learning,"anon SELECT=False; authenticated S/I/U/D=False,False,False,False",platform / linked parent row; see policies,Direct privileges closed,,Service routes and indirect definer callers remain separate review surface.
relation,validation_sections,Learning,"anon SELECT=False; authenticated S/I/U/D=False,False,False,False",platform / linked parent row; see policies,Direct privileges closed,,Service routes and indirect definer callers remain separate review surface.
